node_id,node_name
IND388121AAA,Anand_VUNagar_DC (Gujarat)
IND388620AAB,Khambhat_MotvdDPP_D (Gujarat)
IND421302AAG,Bhiwandi_Mankoli_HB (Maharashtra)
IND400011AAA,LowerParel_CP (Maharashtra)
IND562132AAA,Bangalore_Nelmngla_H (Karnataka)
IND560099AAB,Bengaluru_Bomsndra_HB (Karnataka)
IND141003AAB,Ludhiana_GillChwk_DC (Punjab)
IND142026AAA,Jagraon_DC (Punjab)
IND141109AAA,Raikot_DC (Punjab)
IND362001AAA,Junagadh_DPC (Gujarat)
IND362265AAA,Veraval_DC (Gujarat)
IND362720AAA,Kodinar_NCplxDPP_D (Gujarat)
IND362560AAA,Una_Mamlatdr_DC (Gujarat)
IND362150AAA,Talala_SsnRdDPP_D (Gujarat)
IND131028AAB,Sonipat_Kundli_H (Haryana)
IND247667AAB,Roorkee_IOTCEncl_L (Uttarakhand)
IND249407AAA,Haridwar (Uttarakhand)
IND600056AAB,MAA_Poonamallee_HB (Tamil Nadu)
IND000000ACA,Ludhiana_MilrGanj_HB (Punjab)
IND144001AAB,Jalandhar_DPC (Punjab)
IND122004AAA,Gurgaon_Begumpur_CP (Haryana)
IND302014AAA,Jaipur_Hub (Rajasthan)
IND305001AAC,Ajmer_FoySGRRD_I (Rajasthan)
IND306401AAB,Pali_Nayagaon_I (Rajasthan)
IND342005AAD,Jodhpur_Basni_I (Rajasthan)
IND342601AAA,Piparcity_BsstdDPP_D (Rajasthan)
IND342902A1B,Unknown_Source
IND000000ACK,Hyderabad_Chikdply_C (Telangana)
IND462022AAA,Bhopal_Trnsport_H (Madhya Pradesh)
IND209304AAA,Kanpur_Central_H_6 (Uttar Pradesh)
IND206122AAA,Auraiya_AryaNagr_D (Uttar Pradesh)
IND206001AAA,Etawah_MhraChng_D (Uttar Pradesh)
IND000000ACB,Gurgaon_Bilaspur_HB (Haryana)
IND382430AAB,Ahmedabad_East_H_1 (Gujarat)
IND395023AAA,Surat_HUB (Gujarat)
IND431603AAA,Nanded_Aswningr_I (Maharashtra)
IND431708AAA,Loha_SivjiCWK_D (Maharashtra)
IND431514AAA,Gangakher_Busstand_D (Maharashtra)
IND431515AAA,Parli_JirgeNgr_D (Maharashtra)
IND431517AAB,Ambajogai_BnsllNgr_D (Maharashtra)
IND400064AAB,Mumbai_MaladWest_CP (Maharashtra)
IND560048AAB,Bengaluru_Hoodi_IP (Karnataka)
IND127201AAA,Loharu_BstndDPP_D (Haryana)
IND124141AAA,ChrkhiDdri_PuranDPP_D (Haryana)
IND401501AAA,Boisar_OstwlEmp_D (Maharashtra)
IND401602AAA,Dahanu_KetyDPP_D (Maharashtra)
IND245101AAA,Hapur_Swargash_D (Uttar Pradesh)
IND174307AAA,Bangana_Bhaleti_D (Himachal Pradesh)
IND177033AAA,Nadaun_Ward6_D (Himachal Pradesh)
IND344022AAB,Balotra_BsnoiHPL_D (Rajasthan)
IND345021AAA,Pokhran_SttinDPP_D (Rajasthan)
IND342301AAA,Phalodi_PalikDPP_D (Rajasthan)
IND384205AAA,Mehsana_Panchot_IP (Gujarat)
IND384170AAA,Unjha_DC (Gujarat)
IND384265AAB,Patan_Central_D_2 (Gujarat)
IND385320AAA,Bhabhar_TirupDPP_D (Gujarat)
IND380054AAA,AMD_Memnagar (Gujarat)
IND683511AAA,Aluva_Peedika_H (Kerala)
IND000000ABA,Cochin_Chtrpuza_D (Kerala)
IND411033AAA,Pune_Tathawde_H (Maharashtra)
IND413002AAA,Solapur_Central_I_2 (Maharashtra)
IND533003AAA,Kakinada_DC (Andhra Pradesh)
IND533401AAA,Tuni_Eaglvari_D (Andhra Pradesh)
IND854326AAB,Purnia_Central_H_2 (Bihar)
IND852131AAA,Supaul_SadrHsptl_D (Bihar)
IND852201AAA,Saharsa_Gangjala_D (Bihar)
IND852113AAA,Madhepura_Krishnpr_D (Bihar)
IND852139AAB,Triveninganj_Central_D_1 (Bihar)
IND530012AAA,Visakhapatnam_Gajuwaka_IP (Andhra Pradesh)
IND531001AAA,Anakapalle_Kothuru_D (Andhra Pradesh)
IND531116AAA,Narsiptnm_Wardno8_D (Andhra Pradesh)
IND834002AAB,Ranchi_Hub (Jharkhand)
IND829122AAA,Ramgarh_HotelPrk_D (Jharkhand)
IND825301AAA,Hazaribag_BodomBzr_DC (Jharkhand)
IND825409AAA,JhumriTlya_RadhaCpx_D (Jharkhand)
IND305901AAA,Beawar_DC (Rajasthan)
IND342602AAC,Bilara_Central_DPP_2 (Rajasthan)
IND305624AAA,Bijainagar_Central_DPP_1 (Rajasthan)
IND305404AAA,Kekri_LxmntDPP_D (Rajasthan)
IND305601AAC,Nasirabad_Central_DPP_2 (Rajasthan)
IND500039AAC,Hyderabad_Uppal_I (Telangana)
IND508116AAA,Bhuvanagiri_HBColny_D (Telangana)
IND508277AAB,Mothkur_Mainroad_D (Telangana)
IND508223AAA,Thirumalagiri_Xroad_D (Telangana)
IND815353AAA,Madhupur_Sitarmrd_D (Jharkhand)
IND507002AAA,Khammam_NSTRoad_I (Telangana)
IND508206AAA,Kodad_VidyaNgr_D (Telangana)
IND400072AAB,Mumbai Hub (Maharashtra)
IND302014AAB,Jaipur_Central_I_7 (Rajasthan)
IND781018AAB,Guwahati_Hub (Assam)
IND363641AAA,Morbi_DC (Gujarat)
IND363621AAB,Wankaner_JivanDPP_D (Gujarat)
IND560078AAC,BLR_JPNagar_Pc (Karnataka)
IND560300AAA,Bengaluru_KGAirprt_HB (Karnataka)
IND712311AAA,Kolkata_Dankuni_HB (West Bengal)
IND751002AAB,Bhubaneshwar_Hub (Orissa)
IND301001AAB,Alwar_Central_I_1 (Rajasthan)
IND321001AAB,Bharatpur_NraynDPP_D (Rajasthan)
IND321001AAA,Bharatpur_DC (Rajasthan)
IND321408AAB,Weir_BsstdDPP_D (Rajasthan)
IND321606AAA,Kherli_GodamDPP_D (Rajasthan)
IND712310AAE,Kolkata_North_I_4 (West Bengal)
IND711303AAA,Bagnan_Harop_D (West Bengal)
IND721134AAB,Kolaghat_Central_DPP_2 (West Bengal)
IND110037AAM,Delhi_Airport_H (Delhi)
IND781005AAA,Guwahati_North (Assam)
IND000000AFT,Mumbai_Sanpada_I (Maharashtra)
IND110035AAC,Delhi_North_R_8 (Delhi)
IND515134AAA,Puttaprthi_Gokulam_D (Andhra Pradesh)
IND515201AAA,Hindupur_Parigi_D (Andhra Pradesh)
IND421302AAN,GreaterThane_Anjur_C (Maharashtra)
IND501359AAE,Hyderabad_Shamshbd_H (Telangana)
IND500050AAA,Patancheru_Ameenpur_I (Telangana)
IND110044AAB,Del_Okhla_PC (Delhi)
IND560002AAA,Bengaluru_KHRoad_I (Karnataka)
IND842001AAA,Muzaffrpur_Bbganj_I (Bihar)
IND846004AAA,Darbhanga (Bihar)
IND847103AAA,Benipur_Javahar_D (Bihar)
IND847404AAB,Jhanjharpur_Nagar_D (Bihar)
IND424006AAA,Dhule_MIDCAvdn_I (Maharashtra)
IND424304AAC,Sakri_DhuleRoad_D (Maharashtra)
IND425412AAA,Nandurbar_DhuleRd_D (Maharashtra)
IND425409AAA,Shahada_Nandrbar_D (Maharashtra)
IND425405AAA,Shirpur_KrantiNgr_D (Maharashtra)
IND712124AAA,Hooghly_DC (West Bengal)
IND712103AAA,Hoogly_Bandel_D (West Bengal)
IND201007AAA,GZB_Mohan_Nagar_DPC (Uttar Pradesh)
IND245304AAA,Pilkhuwa_HapurRD_D (Uttar Pradesh)
IND380006AAA,Ahmedabad_Paldi_D (Gujarat)
IND560058AAB,Bengaluru_Peenya_IP (Karnataka)
IND585222AAA,Sedam_DBRCmplx_D (Karnataka)
IND585307AAB,Chincholi_Mainroad_D (Karnataka)
IND624001AAA,Dindigul_Central_D_1 (Tamil Nadu)
IND624619AAA,Oddnchtram_Palani_D (Tamil Nadu)
IND624601AAA,Palani_RjndraRd_D (Tamil Nadu)
IND624101AAA,Kodaikanal_Athithnr_DC (Tamil Nadu)
IND624202AAA,Batlagundu_RTOofice_D (Tamil Nadu)
IND605601AAA,Villupuram_Thirumtr_IP (Tamil Nadu)
IND607106AAA,Panruti_GandhiRd_D (Tamil Nadu)
IND607801AAA,Neyveli_NJVNgr_D (Tamil Nadu)
IND606003AAA,Virudhchlm_SelamRd_D (Tamil Nadu)
IND606105AAA,Pennadam_EastmnRD_D (Tamil Nadu)
IND606201AAC,Chinnasalem_VkotRoad_D (Tamil Nadu)
IND695582AAA,Kazhakkoottam_Rdiosttn_D (Kerala)
IND695101AAB,Attingal_Central_D_2 (Kerala)
IND691574AAA,Kalluvathukal_Pariplly_D (Kerala)
IND751015AAA,Bhubaneshwar_Nayapalli (Orissa)
IND530043AAA,Visakhapatnam_VislkNgr_DC (Andhra Pradesh)
IND531163AAA,Bheemunipatnam_SaiTempl_D (Andhra Pradesh)
IND535001AAA,Vizianagaram_NcsRd_DC (Andhra Pradesh)
IND380021AAA,AMD_Rakhial (Gujarat)
IND174103AAA,Baddi_ByePass_D (Himachal Pradesh)
IND121001AAA,Faridabad (Haryana)
IND400705AAA,Mumbai_Sanpada_CP (Maharashtra)
IND573201AAB,Hassan_Pandrnga_I (Karnataka)
IND573116AAA,Channaraya_patna_D (Karnataka)
IND571104AAA,Koppa_BMRd_D (Karnataka)
IND577598AAB,Madikeri_MuthpTmp_D (Karnataka)
IND573142AAA,Ramanathapura_Central_D_2 (Karnataka)
IND572201AAB,Tiptur_YTRd_D (Karnataka)
IND573103AAA,Arsikere_HsnRdDPP_D (Karnataka)
IND577116AAA,Unknown_Source
IND577132AAD,Mudigere_HesglDPP_D (Karnataka)
IND573134AAB,Sakleshpur_RgvdrDPP_D (Karnataka)
IND421302AAR,Mumbai_East_I_21 (Maharashtra)
IND122002AAD,Gurgaon_Central_D_15 (Haryana)
IND122503AAA,Pataudi_DC (Haryana)
IND637301AAA,Sankari_Trchngrd_D (Tamil Nadu)
IND742149AAA,Murshidabad_Sirjudol_D (West Bengal)
IND742148AAA,Lalgola_KrsprDPP_D (West Bengal)
IND742225AAA,Ragunthgnj_GopalDPP_D (West Bengal)
IND742223AAA,Jangipur_Central_D_1 (West Bengal)
IND742226AAA,Sagardighi_UtBzrDPP_D (West Bengal)
IND623407AAA,Thiruvadanai_RamnadRD_D (Tamil Nadu)
IND623315AAB,Oriyur_Vllyaprm_D (Tamil Nadu)
IND614620AAA,Manamelkudi_TmpleSrt_D (Tamil Nadu)
IND580028AAA,Hubli_Adargchi_IP (Karnataka)
IND591123AAC,Ramdurg_GndhiNGR_D (Karnataka)
IND587103AAB,Bagalkot_Sector4_D (Karnataka)
IND582209AAA,Rona_GadagRD_D (Karnataka)
IND582101AAB,Gadag_Cdosclrd_D (Karnataka)
IND160002AAC,Chandigarh_Mehmdpur_H (Punjab)
IND335001AAA,Ganga Nagar_DC (Rajasthan)
IND201307AAA,Noida_Chukhndi_D (Uttar Pradesh)
IND500080AAB,Hyderabad_Chikdply_I (Telangana)
IND845418AAB,Dhaka_PchpkrRD_D (Bihar)
IND845438AAA,Bettiah_BypassRd_D (Bihar)
IND845455AAB,Narktiganj_Central_DPP_2 (Bihar)
IND641062AAD,Coimbatore_Karayam_H (Tamil Nadu)
IND642126AAA,Udumalpet_Artclgrd_D (Tamil Nadu)
IND642001AAA,Pollachi_Venkatsa_DC (Tamil Nadu)
IND184104AAA,Kathua_BOB_D (Jammu & Kashmir)
IND181152AAA,Jammu_TrnptNgr_L (Jammu & Kashmir)
IND184121AAA,Samba_Wardno13_D (Jammu & Kashmir)
IND110043AAA,Delhi_Nangli_IP (Delhi)
IND821307AAA,DehriSone_Dilliyan_D (Bihar)
IND824101AAA,AurngbadBR_Mahindra_D (Bihar)
IND754211AAA,Kendrpara_Kapleswr_D (Orissa)
IND754202AAA,Cuttack_SliprDPP_DC (Orissa)
IND683565AAA,Kunnathund_Pringla_D (Kerala)
IND000000ACT,Delhi_Gateway_HB (Delhi)
IND110037AAK,Delhi_Kapshera_L (Delhi)
IND636016AAA,Salem (Tamil Nadu)
IND637211AAA,Tirchngode_Mhdhvpur_D (Tamil Nadu)
IND142001AAB,Moga_DPC (Punjab)
IND152026AAA,Muktsar_DPC (Punjab)
IND122001AAA,GGN_DPC (Haryana)
IND627005AAA,Tirunelveli_VdkkuSrt_I (Tamil Nadu)
IND627117AAA,Vallior_Radhaprm_D (Tamil Nadu)
IND629179AAA,Marthandam_Nallur_D (Tamil Nadu)
IND700053AAA,CCU_New Alipore_DPC (West Bengal)
IND273014AAB,Gorakhpur_Matriprm_IP (Uttar Pradesh)
IND277211AAA,Sahatwar_PnchmDPP_D (Uttar Pradesh)
IND277201AAA,Bariya_BgnprDPP_D (Uttar Pradesh)
IND221706AAA,Ratanpura_MubarDPP_D (Uttar Pradesh)
IND244412AAA,Chandausi_Ganesh_D (Uttar Pradesh)
IND147001AAD,Patiala_GainMrkt_L (Punjab)
IND148023AAA,Malerkotla_DC (Punjab)
IND148028AAA,Sunam_DC (Punjab)
IND147001AAB,Patiala (Punjab)
IND244001AAA,Moradabad_DC (Uttar Pradesh)
IND263153AAB,Rudrapur_UdhamNgr_H (Uttarakhand)
IND786001AAB,Dibrugarh_Bokule_H (Assam)
IND786171AAA,Digboi_JyotiNgr_D (Assam)
IND786181AAC,Margherita_CivilHPL_D (Assam)
IND461111AAA,Itarsi_DivrsnRd_D (Madhya Pradesh)
IND460001AAA,Betul_PatelWrd_D (Madhya Pradesh)
IND480334AAA,Pandhurna_Mataward_D (Madhya Pradesh)
IND518002AAA,Kurnool_AbbasNgr_I (Andhra Pradesh)
IND509103AAB,Wanaparthy_VallaDPP_D (Telangana)
IND444602AAA,Amravati_DC (Maharashtra)
IND444005AAB,Akola_Gaurkshn_I (Maharashtra)
IND201007AAB,Ghaziabad_MohanNgr_C (Uttar Pradesh)
IND416012AAA,Kolhapur_Shivaji_I (Maharashtra)
IND591237AAB,Nipani_AkkolRD_D (Karnataka)
IND591201AAA,Chikodi_IndraNgr_D (Karnataka)
IND591304AAA,Athani_VikrmMah_D (Karnataka)
IND586101AAB,Bijapur_Central_D_2 (Karnataka)
IND121004AAB,FBD_Balabhgarh_DPC (Haryana)
IND121102AAA,Palwal (Haryana)
IND487001AAB,Narsinghpur_KndliDPP_D (Madhya Pradesh)
IND487551AAA,Gadarwara_MPward_D (Madhya Pradesh)
IND134102AAA,Kalka_Pinjore_DC (Haryana)
IND174101AAB,Nalagarh_Central_DPP_2 (Himachal Pradesh)
IND785001AAA,Jorhat_RicMilRd_D (Assam)
IND785112AAC,Teok_Wardno3_D (Assam)
IND785634AAA,Mariani_Mainroad_D (Assam)
IND560060AAB,Bengaluru_Kengeri_IP (Karnataka)
IND843301AAA,Sitamari_Durma_D (Bihar)
IND847223AAA,Benipatti_WardNo1_D (Bihar)
IND262405AAA,Sitarganj_SidculRd_D (Uttarakhand)
IND000000AFJ,Trivandrum_Pettah_D (Kerala)
IND695121AAA,Neyatinkra_Arlumodu_D (Kerala)
IND695572AAB,Kallikkad_Mutyvila_D (Kerala)
IND415409AAB,Islampur_Shantanu_D (Maharashtra)
IND415124AAA,Karad_Mundhe_D (Maharashtra)
IND415605AAA,Chiplun_LxmiNiws_D (Maharashtra)
IND700088AAA,Kolkata_TrtllaRD_L (West Bengal)
IND000000ADV,Chennai_Mdhavram_C (Tamil Nadu)
IND302006AAA,Jaipur (Rajasthan)
IND466001AAA,Sehore_Mangalam_D (Madhya Pradesh)
IND466116AAA,Ashta_ShantiNg_D (Madhya Pradesh)
IND410505AAB,Rajgurunagar_Chakan_D (Maharashtra)
IND410501AAF,Talegaon_Central_DPP_4 (Maharashtra)
IND713128AAB,Guskhara_Itachnda_D (West Bengal)
IND600116AAB,Chennai_Porur_DPC (Tamil Nadu)
IND602024AAA,Chennai_Vepmpttu_DC (Tamil Nadu)
IND602001AAA,Chennai_Thiruvlr_DC (Tamil Nadu)
IND160102AAD,Chandigarh_Raiprkln_C (Chandigarh)
IND400072AAD,Mumbai_Chndivli_PC (Maharashtra)
IND401104AAA,Mumbai_MiraRd_IP (Maharashtra)
IND401209AAB,Mumbai_Vasai_CP (Maharashtra)
IND577002AAA,Davangere_Central_I_1 (Karnataka)
IND581115AAC,Ranebennur_SriRmNGR_D (Karnataka)
IND581110AAE,Haveri_GuttalRD_D (Karnataka)
IND211002AAB,Allahabad_Central_H_1 (Uttar Pradesh)
IND636102AAA,Attur_KaaduRd_D (Tamil Nadu)
IND174001AAA,BilaspurHP_Indsarea_D (Himachal Pradesh)
IND175018AAA,SundarNgr_Bhogpur_D (Himachal Pradesh)
IND175001AAA,Mandi_PlaceCol_D (Himachal Pradesh)
IND175101AAA,Kullu_AkhraBzr_D (Himachal Pradesh)
IND686028AAB,Kottayam_Central_H_1 (Kerala)
IND690548AAA,Haripad_Kumrpurm_D (Kerala)
IND688009AAA,Alappuzha_Pazhvedu_D (Kerala)
IND625531AAA,Theni_Rathnam_D (Tamil Nadu)
IND625516AAA,Cumbum_LFRoad_D (Tamil Nadu)
IND685514AAA,Kattappana_Palikval_D (Kerala)
IND313001AAB,Udaipur_Mangri_I (Rajasthan)
IND572101AAA,Tumkur_Veersagr_I (Karnataka)
IND561203AAB,Doddablpur_ChikaDPP_D (Karnataka)
IND562101AAA,Chikblapur_ShntiSgr_D (Karnataka)
IND561207AAB,Bagepalli_TBCross_D (Karnataka)
IND639001AAA,Karur (Tamil Nadu)
IND421502AAA,Mumbai_Ambernath_Dc (Maharashtra)
IND395023AAD,Surat_Central_I_4 (Gujarat)
IND68004AAA,Thrissur_Poothole_D (Kerala)
IND678683AAA,Vadakkencherry_Robinson_D (Kerala)
IND000000ABD,Pallakad_ChndrNgr_D (Kerala)
IND414001AAA,AhmedNagar_DC (Maharashtra)
IND414302AAB,Parner_Hindcwk_D (Maharashtra)
IND412210AAC,Shirur_Central_DPP_3 (Maharashtra)
IND209111AAA,Pukhrayan_Arulimod_D (Uttar Pradesh)
IND285001AAD,Orai_Ajnari_D (Uttar Pradesh)
IND591102AAA,Bailhongal_NamoNagr_D (Karnataka)
IND494334AAB,Kanker_KrisnKunj_D (Chhattisgarh)
IND560083AAB,Bengaluru_Bnnrghta_L (Karnataka)
IND244901AAB,Rampur_RoshnBgh_I (Uttar Pradesh)
IND243001AAA,Bareilly_Central_D_2 (Uttar Pradesh)
IND243503AAB,Faridpur_ShjnprRD_D (Uttar Pradesh)
IND600032AAB,Chennai_Hub (Tamil Nadu)
IND517501AAB,Tirupati_Balajicly_I (Andhra Pradesh)
IND517583AAA,Puttur_Artmclny_D (Andhra Pradesh)
IND516101AAA,Koduru_MGRoad_D (Andhra Pradesh)
IND516115AAA,Rajampet_RSRoad_D (Andhra Pradesh)
IND721102AAA,Midnapore_Talkui_D (West Bengal)
IND563131AAB,Bangarapet_KolarRd_D (Karnataka)
IND563116AAA,Bethamangala_FshryOFC_D (Karnataka)
IND756019AAA,Balasore_Ganeshwr_D (Orissa)
IND757025AAA,Betnoti_MhliaDPP_D (Orissa)
IND244715AAA,Ramnagar_BhwniGnj_D (Uttarakhand)
IND244713AAA,Kashipur_Vaishali_D (Uttarakhand)
IND263401AAA,Kashipur_BajprDPP_D (Uttarakhand)
IND250611AAA,Baraut_SrnprHwy_D (Uttar Pradesh)
IND247776AAA,Shamli_KarnalRd_D (Uttar Pradesh)
IND251309AAB,Budhana_Busstand_D (Uttar Pradesh)
IND400701AAA,Mumbai_Ghansoli_DC (Maharashtra)
IND431136AAC,Aurangabad_Central_H_1 (Maharashtra)
IND147105AAA,Patran_MheshNGR_D (Punjab)
IND390020AAA,Vadodara (Gujarat)
IND583101AAA,Bellary_Dc (Karnataka)
IND577535AAC,Molakalmuru_KnsgraRD_D (Karnataka)
IND577522AAA,Challakere_Shivangr_D (Karnataka)
IND400102AAC,Mumbai_Jogshwri_I (Maharashtra)
IND632402AAA,Ranipet_MBTRd_DC (Tamil Nadu)
IND631102AAA,Sholinghur_ArkonmRD_D (Tamil Nadu)
IND723131AAA,Manbazar_Central_DPP_1 (West Bengal)
IND722140AAA,Khatra_KoralDPP_D (West Bengal)
IND722151AAA,Simlapal_Central_D_1 (West Bengal)
IND507111AAA,Bhadrachalam_ITDARd_D (Telangana)
IND507117AAB,Manuguru_AskNagar_D (Telangana)
IND641008AAA,Cjb_Kovaipudur_Dc (Tamil Nadu)
IND641011AAA,Cjb_West_Dc (Tamil Nadu)
IND441904AAB,Bhandara_RjnaiDPP_D (Maharashtra)
IND441912AAA,Bhandara_KaremDPP_D (Maharashtra)
IND781022AAA,Guwahati_Sixmile (Assam)
IND390022AAA,Vadodara_Karelibaug_DPC (Gujarat)
IND411014AAA,PNQ Vadgaon Sheri DPC (Maharashtra)
IND713205AAB,Durgapur_Central_I_1 (West Bengal)
IND201304AAA,Noida_Sec-83_DC (Uttar Pradesh)
IND591126AAA,Saundatti_ShanthiS_D (Karnataka)
IND680104AAA,Guruvayoor_ManhrBld_D (Kerala)
IND000000AFG,Tirur_PmthuKlm_D (Kerala)
IND673632AAA,Kozhikode_Central_H_4 (Kerala)
IND410206AAB,Mumbai_Panvel_D (Maharashtra)
IND303108AAB,Kotputli_LXngrDPP_D (Rajasthan)
IND132103AAB,Panipat_PC (Haryana)
IND131021AAA,Sonipat_AmzonDev_V (Haryana)
IND201306AAA,Noida_Surajpur_DC (Uttar Pradesh)
IND811399AAA,Noida_Sector02_C (Uttar Pradesh)
IND403726AAB,Goa_ZuariNgr_IP (Goa)
IND121004AAA,Faridabad_Blbgarh_DC (Haryana)
IND854311AAA,Araria_Wardn13_D (Bihar)
IND854334AAA,Raniganj_Central_DPP_1 (Bihar)
IND852118AAA,Forbesganj_JhumanCk_D (Bihar)
IND852111AAA,Simrahi_Bazar_D (Bihar)
IND854335AAA,Narpatganj_Central_DPP_1 (Bihar)
IND600056AAA,Chennai_Poonamallee (Tamil Nadu)
IND600008AAC,Chennai_Egmore_DPC (Tamil Nadu)
IND500008AAC,Hyderabad_Tolichwk_I (Telangana)
IND843105AAB,Dholi_WardNo4_D (Bihar)
IND848101AAA,Samastipur_Haripur_D (Bihar)
IND844505AAB,HazratJandaha_HajiprRD_D (Bihar)
IND700136AAG,Kolkata_Narynpur_C (West Bengal)
IND533106AAA,Rajamundry_AtoNgrRd_I (Andhra Pradesh)
IND533308AAB,Mandapeta_Mainrd_D (Andhra Pradesh)
IND847212AAA,Madhubani_Bardivan_D (Bihar)
IND847226AAA,Jaynagar_Wardno6_D (Bihar)
IND507303AAA,Sathupally_VidyaNGR_D (Telangana)
IND742102AAB,Berhampore_Central_I_2 (West Bengal)
IND742303AAB,Domkal_Central_D_2 (West Bengal)
IND741165AAB,Nazirpur_Central_D_1 (West Bengal)
IND742121AAB,Nowda_ArhamDPP_D (West Bengal)
IND742121AAA,Nowda_AmtlaDPP_D (West Bengal)
IND370001AAA,Bhuj_DC (Gujarat)
IND577101AAA,Chikmagalur_DC (Karnataka)
IND370110AAA,Anjar_DC (Gujarat)
IND140301AAA,Chandigarh_Kharar_DC (Chandigarh)
IND140901AAA,Chandigarh_Mullanpr_DC (Chandigarh)
IND000000AAL,Pune_PC (Maharashtra)
IND500008AAF,Hyderabad_South_D_4 (Telangana)
IND413501AAA,Osmanabad_Kakdepot_D (Maharashtra)
IND413401AAA,Barshi_Kurduwdi_D (Maharashtra)
IND201301AAF,Noida_Sec 02_DPC (Uttar Pradesh)
IND203131AAA,Khurja_Pnjbiyon_D (Uttar Pradesh)
IND203135AAA,Jewar_SJRoad_D (Uttar Pradesh)
IND203396AAB,Pahasu_Kanongyn_D (Uttar Pradesh)
IND203390AAA,Anupshahar_DcntCLY_D (Uttar Pradesh)
IND492001AAB,Raipur_Katora_IP (Chhattisgarh)
IND462011AAA,Bhopal MP Nagar (Madhya Pradesh)
IND673305AAA,Koyilandy_Pshrikvu_D (Kerala)
IND673104AAA,Vadakara_Mandodi_D (Kerala)
IND673506AAA,Kallachi_ZamQuatr_D (Kerala)
IND821115AAB,Sasaram_Central_I_2 (Bihar)
IND821109AAA,Mohania_Bhabua_D (Bihar)
IND563101AAB,Kolar_Ambedkar_D (Karnataka)
IND563131AAA,Mulbagal_Sunku_D (Karnataka)
IND563125AAB,Chintamani_Central_D_2 (Karnataka)
IND691001AAB,Kollam_Central_H_1 (Kerala)
IND691506AAA,Kottarakkara_Amankovl_D (Kerala)
IND691305AAA,Punalur_PostofJN_D (Kerala)
IND689645AAA,Pthnmthitt_Klskhrpt_D (Kerala)
IND691551AAA,Adoor_Town_D (Kerala)
IND273304AAA,Nichlaul_Wardno13_D (Uttar Pradesh)
IND518422AAB,Atmakur_IndraNgr_D (Andhra Pradesh)
IND518102AAA,Srisailam_Sishumdr_D (Andhra Pradesh)
IND144001AAC,Jalandhar_Sodal Road (Punjab)
IND160102AAC,Chandigarh_Raiprvlg_L (Chandigarh)
IND389001AAA,Godhra_DC (Gujarat)
IND389151AAA,Dahod_DC (Gujarat)
IND631501AAA,Kanchipuram_DC (Tamil Nadu)
IND631003AAA,Arakkonam_HousngBd_D (Tamil Nadu)
IND382421AAA,Gandhinagar_DC (Gujarat)
IND560058AAD,Bengaluru_Peenya_L (Karnataka)
IND441206AAB,Brahmapuri_DhnliRth_D (Maharashtra)
IND441603AAA,Chamorshi_Central_DPP_1 (Maharashtra)
IND403726AAA,Goa_Hub (Goa)
IND403702AAA,Canacona_CharRsta_D (Goa)
IND600044AAD,Chennai_Chrompet_DPC (Tamil Nadu)
IND605010AAB,Pondicherry_Vasanthm_I (Pondicherry)
IND603102AAA,Kalpakkam_Sadras_D (Tamil Nadu)
IND400701AAB,Mumbai_Pawane_L (Maharashtra)
IND515801AAA,Guntakal_Verpatem_D (Andhra Pradesh)
IND515865AAB,Rayadurgam_RailGate_D (Andhra Pradesh)
IND515761AAA,Kalyandurg_Shankrpa_D (Andhra Pradesh)
IND517644AAA,Sriklahsti_SDKNgr_D (Andhra Pradesh)
IND524132AAA,Venktagiri_TirupthiRd_D (Andhra Pradesh)
IND524101AAB,Gudur_Bngisheb_D (Andhra Pradesh)
IND505001AAB,Karimnagar_KamnHbRD_I (Telangana)
IND688524AAA,Cherthala_Mulapali_D (Kerala)
IND700065AAA,CCU_Beliaghata_DPC (West Bengal)
IND364290AAA,Bhavnagar_Mahuva_DC (Gujarat)
IND302004AAA,Jaipur_NgrNigam_DC (Rajasthan)
IND312001AAA,Chittaurgarh_DC (Rajasthan)
IND313324AAA,Rajsamand_kankroli_D (Rajasthan)
IND382715AAA,Kadi_KaranNGR_D (Gujarat)
IND521225AAB,Vijayawada_Rynapadu_H (Andhra Pradesh)
IND181201AAB,Akhnoor_ThthiCwk_D (Jammu & Kashmir)
IND602001AAB,Kumbakonam_Mettu_DC (Tamil Nadu)
IND609001AAA,Mylduthuri_Thiruviz_D (Tamil Nadu)
IND614018AAA,Mannargudi_Vadasari_D (Tamil Nadu)
IND581119AAB,Ukkadagatri_Tuminkte_D (Karnataka)
IND201301AAL,Dadri_ICDCant_D (Uttar Pradesh)
IND121002AAB,Faridabad_Mthurard_L (Haryana)
IND110064AAA,Delhi_Mayapuri_PC (Delhi)
IND713148AAA,Panagarh_Central_D_1 (West Bengal)
IND731204AAB,Bolpur_WebelDPP_D (West Bengal)
IND731301AAA,Nanoor_Central_DPP_1 (West Bengal)
IND110052AAA,Delhi_Wazirpur_L (Delhi)
IND534001AAA,Eluru_Agraharm_DC (Andhra Pradesh)
IND521333AAA,Kaikaluru_Atapaka_D (Andhra Pradesh)
IND515004AAA,Anantapur_KamaStrt_I (Andhra Pradesh)
IND515671AAA,Dharmavram_SaiNgr_D (Andhra Pradesh)
IND515591AAA,Kadiri_GVManu_D (Andhra Pradesh)
IND516269AAA,Rayachoti_Madnpali_D (Andhra Pradesh)
IND516390AAA,Pulivendula_RTCStand_D (Andhra Pradesh)
IND282002AAD,Unknown_Source
IND444203AAA,Shegaon_SChwkDPP_D (Maharashtra)
IND303901AAA,Chaksu_TonkRoad_D (Rajasthan)
IND721212AAA,Ghatal_KrshDPP_D (West Bengal)
IND560043AAC,HBR Layout PC (Karnataka)
IND841424AAA,Chhapra_Prbhunth_D (Bihar)
IND841226AAB,Siwan_HnmntNgr_D (Bihar)
IND244301AAA,Sambhal_Khwssrai_D (Uttar Pradesh)
IND243301AAB,Aonla_KdidmCLY_D (Uttar Pradesh)
IND263002AAA,Nainital_Sookhtal_D (Uttarakhand)
IND263645AAA,Ranikhet_Subhash_D (Uttarakhand)
IND263601AAA,Almora_SuzkiSrv_D (Uttarakhand)
IND621211AAA,Musiri_ThryrRD_D (Tamil Nadu)
IND621010AAA,Thuraiyur_Mthrapuri_D (Tamil Nadu)
IND621212AAA,Perambalur_goplpurm_D (Tamil Nadu)
IND621704AAA,Ariyalur_Kmrajngr_D (Tamil Nadu)
IND608301AAA,Lalpet_PriyrNGR_D (Tamil Nadu)
IND743235AAA,Bongaon_SukntDPP_D (West Bengal)
IND743270AAA,Helencha_ColnyDPP_D (West Bengal)
IND244235AAA,Gajraula_JawaharN_D (Uttar Pradesh)
IND244221AAA,Amroha_SamitiRd_D (Uttar Pradesh)
IND462042AAA,Bhopal_Kolar Mandakni (Madhya Pradesh)
IND641001AAA,Coimbatore_Ukkadam_D (Tamil Nadu)
IND530012AAC,Vizag_Gajuwaka_L (Andhra Pradesh)
IND741201AAC,Ranaghat_ArickDPP_D (West Bengal)
IND581303AAA,Karwar_Central_D_1 (Karnataka)
IND581400AAB,Mallapur_ShtDRDPP_D (Karnataka)
IND581325AAA,Dandeli_RKComplx_D (Karnataka)
IND574227AAA,Moodbidri_MrdiVlge_D (Karnataka)
IND574104AAA,Karkala_MarketRd_D (Karnataka)
IND574216AAA,Dhrmsthala_Beltngdi_D (Karnataka)
IND700136AAB,CCU_Hub (West Bengal)
IND635601AAB,Tiruppattur_KoilStrt_D (Tamil Nadu)
IND635207AAA,Uthangarai_RgstrOFC_D (Tamil Nadu)
IND673573AAA,Thamarassery_Chungam_D (Kerala)
IND673592AAA,SultnBthry_Kollgpra_D (Kerala)
IND736135AAA,Dinhata_WrdN4DPP_D (West Bengal)
IND210501AAB,Bewar_BndhuTRH_D (Uttar Pradesh)
IND396232AAA,Silvassa_Samrvrni_D (Dadra and Nagar Haveli)
IND562125AAA,Bengaluru_Sarjapur_D (Karnataka)
IND416510AAA,Sawantwadi_LaxmiNgr_D (Maharashtra)
IND201204AAA,Modinagar_SikriKla_DC (Uttar Pradesh)
IND251201AAA,Khatauli_TilakNgr_D (Uttar Pradesh)
IND454001AAA,Dhar_Trimurti_D (Madhya Pradesh)
IND457001AAA,Ratlam_Khjurwli_DC (Madhya Pradesh)
IND457226AAA,Jaora_RtlamNka_D (Madhya Pradesh)
IND785690AAB,Sonari_Central_DPP_1 (Assam)
IND575004AAB,Mangalore_Kuntikna_H (Karnataka)
IND208012AAA,Kanpur_Central_D_7 (Uttar Pradesh)
IND788026AAC,Silchar_Sirikona_H (Assam)
IND388320AAA,Anand_Vaghasi_IP (Gujarat)
IND671323AAD,Manjeshwar_Central_D_1 (Kerala)
IND671315AAA,Kanhangad_Arangadi_D (Kerala)
IND695012AAA,Trivandrum_Mnanthla_H (Kerala)
IND735224AAA,Mainaguri_MilpaDPP_D (West Bengal)
IND736146AAA,Mathabhang_Pshimpra_D (West Bengal)
IND202001AAB,Aligarh_KhirByps_I (Uttar Pradesh)
IND344001AAA,Barmer_Nehru3PL_D (Rajasthan)
IND345001AAA,Jaisalmer_Gopa3PL_D (Rajasthan)
IND801103AAA,Bihta_ShivNgar_D (Bihar)
IND802301AAA,Arrah_Katira_D (Bihar)
IND458664AAA,Neemuch_KarjuDPP_D (Madhya Pradesh)
IND312403AAA,BariSadri_BhmprDPP_D (Rajasthan)
IND814112AAA,Deoghar_Barmasia_D (Jharkhand)
IND814133AAB,Godda_Central_D_2 (Jharkhand)
IND816109AAA,Sahebganj_BaraLoha_D (Jharkhand)
IND384355AAB,Vadnagar_BsstdDPP_D (Gujarat)
IND385001AAA,Palanpur_DC (Gujarat)
IND385535AAA,Deesa_HawaiPlr_DC (Gujarat)
IND680012AAA,Arimbur_Veluthur_D (Kerala)
IND679303AAA,Sankaramangalam_Central_D_1 (Kerala)
IND679531AAA,Shoranur_KdrShrRd_D (Kerala)
IND680587AAA,Pazhayannur_AlathurRD_D (Kerala)
IND610001AAA,Thiruvarur_Bypasrd_D (Tamil Nadu)
IND614715AAA,Thirthurpondi_Madaprum_D (Tamil Nadu)
IND614809AAA,Pushpavanam_Thmpulam_D (Tamil Nadu)
IND826004AAA,Dhanbad_Kalynpur_I (Jharkhand)
IND523226AAA,Chimkurthy_MSRClgRd_D (Andhra Pradesh)
IND523316AAB,Markapur_VidyaNgr_D (Andhra Pradesh)
IND177001AAA,Hamirpur_GutmgrCl_D (Himachal Pradesh)
IND224001AAA,Faizabad_TrnspNgr_D (Uttar Pradesh)
IND224141AAB,Gosainganj_Pakrela_D (Uttar Pradesh)
IND607001AAA,Cuddalore_KtsiGrsm_D (Tamil Nadu)
IND608001AAA,Chidambaram_ARBNorth_DC (Tamil Nadu)
IND609110AAA,Sirkazhi_Pngktgudi_D (Tamil Nadu)
IND609602AAA,Karaikal_Thalthru_DC (Pondicherry)
IND611001AAA,Nagapttinm_Sttyapar_D (Tamil Nadu)
IND500010AAB,Hyderabad_Alwal_L (Telangana)
IND520011AAA,Vijayawada (Andhra Pradesh)
IND521185AAA,Nandigama_Chndrlpd_D (Andhra Pradesh)
IND600008AAA,Chennai_Egmore_C (Tamil Nadu)
IND000000ACN,Hyderabad_Mhdiptnm_C (Telangana)
IND732103AAB,Malda_Central_I_3 (West Bengal)
IND732202AAA,Manikchak_Enayetpr_D (West Bengal)
IND732204AAB,Paranpur_Nijgan_D (West Bengal)
IND732139AAA,Samsi_RatuaDPP_D (West Bengal)
IND261201AAB,Biswan_PatelNGR_D (Uttar Pradesh)
IND261001AAA,Sitapur_Chowk_D (Uttar Pradesh)
IND262701AAA,Lakhimpur_Maheva_D (Uttar Pradesh)
IND262802AAA,Gola_BkgnRoad_D (Uttar Pradesh)
IND248197AAA,Dehradun_Selakui_D (Uttarakhand)
IND248122AAB,Mussoorie_BrlwgDPP_D (Uttarakhand)
IND401209AAA,Mumbai_Virar_DC (Maharashtra)
IND271001AAA,Gonda_KotwaliN_D (Uttar Pradesh)
IND387001AAA,Nadiad_DC (Gujarat)
IND388220AAA,Umreth_Dakor_DC (Gujarat)
IND382721AAA,Gandhinagar_Kalol_DC (Gujarat)
IND571432AAB,Nagamangala_MandyaRD_D (Karnataka)
IND571426AAA,Krishnarajpet_MuruPost_D (Karnataka)
IND676306AAA,Tirurangadi_Kooriyad_D (Kerala)
IND676509AAA,Malappuram_Munduprm_D (Kerala)
IND247667AAA,Roorkee_Dc (Uttarakhand)
IND400015AAA,Mumbai_CottonGreen_DPC (Maharashtra)
IND577201AAA,Shimoga_DC (Karnataka)
IND249201AAA,Rishikesh_DC (Uttarakhand)
IND272001AAA,Basti_GndhiNgr_D (Uttar Pradesh)
IND411033AAB,Pune_Chinchwad DC (Maharashtra)
IND147101AAA,Samana_PODPP_D (Punjab)
IND380005AAA,Amd_Chandkheda_Dc (Gujarat)
IND205001AAB,Mainpuri_Agraroad_I (Uttar Pradesh)
IND209625AAA,Farrukhbad_Pnchlght_D (Uttar Pradesh)
IND241124AAB,Shahabad_KDRoad_D (Uttar Pradesh)
IND242307AAB,Tilhar_SingCLNY_D (Uttar Pradesh)
IND242221AAA,Jalalabad_farukngr_D (Uttar Pradesh)
IND151001AAA,Bhatinda_DPC (Punjab)
IND768216AAA,Brajrajnagar_LamtiDPP_D (Orissa)
IND770001AAA,Sundargarh_DiyoDPP_D (Orissa)
IND465669AAB,Narsinghgarh_Central_D_1 (Madhya Pradesh)
IND465683AAA,Pachore_Shop3DPP_D (Madhya Pradesh)
IND523002AAA,Ongole_SubhVRTL_I (Andhra Pradesh)
IND341505AAA,Makrana_Mwalibad_D (Rajasthan)
IND341503AAB,Degana_BhukrdPP_D (Rajasthan)
IND341510AAB,Merta_Central_DPP_1 (Rajasthan)
IND283203AAA,Firozabad_Sudmpuri_D (Uttar Pradesh)
IND504201AAA,Chinnur_AsnsdhRD_D (Telangana)
IND505184AAC,Manthani_Chaitnya_D (Telangana)
IND361001AAA,Jamnagar_Dc (Gujarat)
IND515401AAB,Gooty_StatonRd_D (Andhra Pradesh)
IND231208AAA,Duddhi_MChwkDPP_D (Uttar Pradesh)
IND231217AAA,Renukoot_Govind_D (Uttar Pradesh)
IND231225AAB,Anpara_Parasi_D (Uttar Pradesh)
IND486886AAA,Singrauli_Waidhan_D (Madhya Pradesh)
IND486889AAA,Singrauli_Ward8DPP_D (Madhya Pradesh)
IND231205AAA,Chopan_PreetDPP_D (Uttar Pradesh)
IND600076AAB,Chennai_Madhavaram_DPC (Tamil Nadu)
IND383001AAA,Himmatnagar_DC (Gujarat)
IND787001AAA,LakhimpurN_SashPhkn_D (Assam)
IND787057AAA,Dhemaji_WardNo3_D (Assam)
IND791125AAB,Likabali_ZoomCDPP_D (Arunachal Pradesh)
IND396191AAC,Vapi_IndEstat_I (Gujarat)
IND713130AAA,Katwa_BSarani_D (West Bengal)
IND741123AAB,Chapra_NagarDPP_D (West Bengal)
IND741126AAB,Nakashipara_MaxDPP_D (West Bengal)
IND741156AAA,Plassey_BtaiRoad_D (West Bengal)
IND363001AAA,Surendranagar_DC (Gujarat)
IND363421AAB,Limbdi_Busstand_D (Gujarat)
IND689101AAA,Tiruvalla_TKRoad_D (Kerala)
IND670643AAA,Kuthuparamba_IdstrlAr_D (Kerala)
IND174021AAA,Ghumarwin_Gndhichk_D (Himachal Pradesh)
IND176048AAA,Jahu_Sulgwan_D (Himachal Pradesh)
IND175015AAA,JognderNgr_Dhelu_D (Himachal Pradesh)
IND134109AAA,Chandigarh_Panchkula (Chandigarh)
IND600044AAE,Chennai_Chrompet_L (Tamil Nadu)
IND442001AAA,Wardha_RamaNgr_D (Maharashtra)
IND442101AAB,Deoli_Central_DPP_2 (Maharashtra)
IND743513AAA,Fatepur_NH117_D (West Bengal)
IND148101AAA,Barnala_DC (Punjab)
IND251001AAA,Muzaffrngr_MhmodNgr_D (Uttar Pradesh)
IND247554AAA,Deoband_Ramvlg_D (Uttar Pradesh)
IND274001AAA,Deoria_CCRoad_D (Uttar Pradesh)
IND274304AAA,Kushinagar_KasyaDPP_D (Uttar Pradesh)
IND274304AAB,Padrauna_BawliDPPP_D (Uttar Pradesh)
IND274301AAB,Kaptanganj_Subshngr_D (Uttar Pradesh)
IND474003AAA,Gwalior_HrihrNgr_I (Madhya Pradesh)
IND641664AAA,Tirpur_Palladam_DC (Tamil Nadu)
IND638657AAA,Dharapuram_Techrcly_D (Tamil Nadu)
IND638701AAA,Kangayam_Thvlrsrt_D (Tamil Nadu)
IND400037AAA,Mumbai Antop Hill (Maharashtra)
IND343001AAA,Jalore_RoopNgr_D (Rajasthan)
IND343029AAB,Bhinmal_RwStnDPP_D (Rajasthan)
IND360575AAA,Porbandar_DC (Gujarat)
IND360530AAB,Jamjodhpur_Court_D (Gujarat)
IND205135AAA,Shikohabad_Katrmira_D (Uttar Pradesh)
IND500055AAC,Hyderabad_North_D_2 (Telangana)
IND501401AAC,Medchal_MROoffce_D (Telangana)
IND641006AAD,Coimbatore_ElngoNgr_C (Tamil Nadu)
IND144001AAA,Jalandhar_DC (Punjab)
IND600016AAC,Chennai_Perungudi_DPC (Tamil Nadu)
IND203001AAA,Bulndshahr_Ymunpurm_D (Uttar Pradesh)
IND462001AAA,Bhopal_Old City (Madhya Pradesh)
IND125001AAA,Hisar_ModelTwn_P (Haryana)
IND335513AAA,Hanumangarh_DC (Rajasthan)
IND400015AAB,Mumbai_CotnGren_M (Maharashtra)
IND686507AAA,Parakkdavu_KeRoad_D (Kerala)
IND686513AAA,Mundakayam_Central_D_1 (Kerala)
IND788151AAA,Hailakandi_kalibari_D (Assam)
IND788713AAA,Karimganj_Alngjuri_D (Assam)
IND781018AAA,Guwahati_East (Assam)
IND638401AAA,Sathyamangalam_Mlydpthr_D (Tamil Nadu)
IND638501AAB,Anthiyour_TherSRT_D (Tamil Nadu)
IND209101AAA,Akbarpur_NehruNGR_D (Uttar Pradesh)
IND136118AAA,Kurukshetra_DC (Haryana)
IND136128AAA,Pehowa_WdN14DPP_D (Haryana)
IND136027AAA,Kaithal_DC (Haryana)
IND126112AAA,Safidon_HatRDDPP_D (Haryana)
IND000000ABG,Hyderabad_Bownplly_C (Telangana)
IND643217AAA,Kotagiri_CroslySRT_D (Tamil Nadu)
IND465001AAA,Shajapur_MhpraRD_D (Madhya Pradesh)
IND465333A1B,Unknown_Source
IND400072AAC,BOM_Sakinaka_RP (Maharashtra)
IND584101AAA,Raichur_LSRoad_DC (Karnataka)
IND335804AAD,Suratgarh_Central_DPP_2 (Rajasthan)
IND335703AAA,Srivijaynagar_BhwanDPP_D (Rajasthan)
IND585330AAE,Humnabad_EBroad_D (Karnataka)
IND585401AAA,Bidar (Karnataka)
IND502286AAB,Narayankhed_Datatrya_D (Telangana)
IND502220AAC,Zahirabad_Mohim_D (Telangana)
IND423106AAA,Manmad_Malegaon_D (Maharashtra)
IND423105AAA,Malegaon_Rawlgaon_D (Maharashtra)
IND402107AAA,Pen_BljiMrkt_D (Maharashtra)
IND402109AAA,Roha_DataSagr_D (Maharashtra)
IND402301AAA,Mahad_Govndsgr_D (Maharashtra)
IND576101AAA,Udupi (Karnataka)
IND576201AAA,Kundapura_DC (Karnataka)
IND581320AAA,Bhatkal_KmkshBul_D (Karnataka)
IND581334AAA,Honnavar_Prbhtngr_D (Karnataka)
IND581343AAC,Kumta_Central_DPP_2 (Karnataka)
IND581314AAA,Ankola_Kakrmath_D (Karnataka)
IND303008AAB,Dudu_NrainaRD_D (Rajasthan)
IND303338AAB,Phulera_NarenaRD_D (Rajasthan)
IND303603AAB,Renwal_ChomuRD_D (Rajasthan)
IND756032AAA,Jaleswar_NaturDPP_D (Orissa)
IND431122AAA,Beed_JalnaRd_D (Maharashtra)
IND431127AAA,Georai_Bazarrd_D (Maharashtra)
IND414502AAA,Shevgaon_VidyaNgr_D (Maharashtra)
IND431107AAB,Paithan_SantaNGR_D (Maharashtra)
IND700028AAB,CCU_DumDum_DPC (West Bengal)
IND842003AAB,Jabalpur_Adhartal_IP (Madhya Pradesh)
IND160055AAA,Chandigarh_Mohali (Chandigarh)
IND282001AAF,Agra_Central_D_3 (Uttar Pradesh)
IND679329AAA,Nilambur_StteHW28_D (Kerala)
IND742101AAC,Baharampur_Chuanpur_I (West Bengal)
IND391110AAD,Dabhoi_Central_DPP_3 (Gujarat)
IND523230AAA,Kanigiri_Tiglgndi_D (Andhra Pradesh)
IND523105AAA,Kandukur_LICOffce_D (Andhra Pradesh)
IND506002AAA,Warangal_HunterRd_I (Telangana)
IND506132AAA,Khanpur_Nrsampt_D (Telangana)
IND122001AAJ,Mahbubabad_Yellanda_D (Telangana)
IND140001AAA,RoopNagar_ChotiHvl_DC (Punjab)
IND140118AAA,AnandprShb_PnjPiara_D (Punjab)
IND683572AAA,Angamaly_CivilStn_D (Kerala)
IND680307AAA,Chalakudy_SurbhiTh_D (Kerala)
IND680712AAA,Irinjlkuda_Greens_D (Kerala)
IND151302AAA,TalwandiSabo_Wardno3_D (Punjab)
IND151506AAA,Jhunir_BhaRDDPP_D (Punjab)
IND246001AAA,Pauri_Khndyusn_D (Uttarakhand)
IND804452AAA,Masaurhi_Blockrd_D (Bihar)
IND804420AAA,Jehanabad_Madarpur_D (Bihar)
IND803116AAA,Rajgir_PnditNGR_D (Bihar)
IND843329AAB,Sheohar_Ward9DPP_D (Bihar)
IND135001AAA,YamunaNagar_DC (Haryana)
IND173025AAA,PaontSahib_Gurudwar_D (Himachal Pradesh)
IND731237AAB,Morgram_Kntgorya_D (West Bengal)
IND731224AAA,Rampurhat_SrifoDPP_D (West Bengal)
IND506143AAA,Ghanpur_Palakrty_D (Telangana)
IND506167AAB,Jangaon_Hanmkond_D (Telangana)
IND533201AAA,Amalapuram_Vijdurg_D (Andhra Pradesh)
IND533262AAA,Draksharamam_Anaipeta_D (Andhra Pradesh)
IND503111AAC,Kamareddy_Devenply_I (Telangana)
IND503185AAA,Bodhan_SuryaDPP_D (Telangana)
IND503187AAA,Banswada_Menagrdn_D (Telangana)
IND503122AAA,Yellareddy_JKRoad_D (Telangana)
IND502110AAA,Medak_Dwaraka_D (Telangana)
IND603001AAA,Chennai_Chnglptu_DC (Tamil Nadu)
IND603301AAA,Malemruvathur_Achipkam_D (Tamil Nadu)
IND802213AAB,Dinara_Wardno7_D (Bihar)
IND802212AAA,Bikramgang_Dehrird_D (Bihar)
IND560064AAD,Bengaluru_Bagaluru_D (Karnataka)
IND562108AAA,Gauribidanur_Gurukrpa_D (Karnataka)
IND143001AAA,Amritsar_DPC (Punjab)
IND110078AAA,Janakpuri (Delhi)
IND144401AAB,Phagwara_Lovely_D (Punjab)
IND632006AAA,Vellore_GndhiNgr_IP (Tamil Nadu)
IND632301AAA,Arani_KrthiKyn_D (Tamil Nadu)
IND606803AAA,Polur_StationRD_D (Tamil Nadu)
IND606801AAB,Chetpet_Blmrgnst_D (Tamil Nadu)
IND507159AAA,Kusumnchi_SKRoad_D (Telangana)
IND585104AAA,Gulbarga_Nehrugnj_I (Karnataka)
IND585211AAA,Chittapur_GlbrgaRD_D (Karnataka)
IND142401AAA,Khanna_DC (Punjab)
IND201001AAC,Ghaziabad_Central_L_8 (Uttar Pradesh)
IND411036AAA,Pune_Mundhawa_L (Maharashtra)
IND415003AAA,Satara_DC (Maharashtra)
IND421802AAA,Khandala_Satara_D (Maharashtra)
IND285205AAB,Konch_Central_D_2 (Uttar Pradesh)
IND210431AAA,Rath_Mughlpra_D (Uttar Pradesh)
IND110093AAA,Delhi_Shahdara (Delhi)
IND400016AAB,Mumbai_MhimWest_C (Maharashtra)
IND123401AAB,Rewari_YuktiDPP_D (Haryana)
IND110024AAA,Delhi_Lajpat_IP (Delhi)
IND110014AAA,Delhi_Bhogal (Delhi)
IND134203AAA,Naraingarh_Ward2DPP_D (Haryana)
IND140501AAA,Lalru_OnkarDPP_D (Punjab)
IND583201AAA,Hospet (Karnataka)
IND583227AAA,Gangavathi_PhrmPlza_D (Karnataka)
IND583231AAA,Koppal_Banikatt_D (Karnataka)
IND421302AAF,Mumbai_Kalyan (Maharashtra)
IND845401AAA,Motihari_RajaBzr_D (Bihar)
IND845305AAA,Raxaul_KairiyaT_D (Bihar)
IND505209AAA,Ramagundam_Pdmavati_D (Telangana)
IND843320AAA,Pupri_SngihiRD_D (Bihar)
IND713103AAA,Bardhaman_Bankura_D (West Bengal)
IND713364AAB,Rupnarayanpur_Salanpur_D (West Bengal)
IND421401AAC,Murbad_SnkunDPP_D (Maharashtra)
IND421601AAB,Asangaon_Shahapur_D (Maharashtra)
IND560300AAB,Bangalore_East_I_20 (Karnataka)
IND473443AAA,Mungaoli_AshkngRd_D (Madhya Pradesh)
IND470113AAA,Bina_Srvdycwk_D (Madhya Pradesh)
IND470117AAA,Khurai_Talaiya_D (Madhya Pradesh)
IND416602AAC,Kankavali_NrdawDPP_D (Maharashtra)
IND335051AAA,RaisingNgr_BisnolDPP_D (Rajasthan)
IND851127AAA,Manjhaul_Purbari_D (Bihar)
IND302020AAA,Jaipur_VarunCly_DC (Rajasthan)
IND246701AAA,Bijnor_NaginaRd_D (Uttar Pradesh)
IND246763AAA,Najibabad_KotdwrRD_D (Uttar Pradesh)
IND246761AAA,Dhampur_NaginaRD_D (Uttar Pradesh)
IND244501AAA,Kanth_Dayanand_D (Uttar Pradesh)
IND244601AAB,Thakurdwara_Fathuluh_D (Uttar Pradesh)
IND803101AAA,BiharSarif_Soghra_D (Bihar)
IND805110AAD,Nawada_Central_DPP_2 (Bihar)
IND621802AAA,Jayamkondan_Chithbrm_D (Tamil Nadu)
IND532001AAB,Srikakulam_Kuslpram_I (Andhra Pradesh)
IND620020AAA,Tiruchi (Tamil Nadu)
IND614602AAA,Pattukotai_anthniyr_D (Tamil Nadu)
IND614804AAA,Peravurani_SH71_D (Tamil Nadu)
IND614616AAA,Aranthangi_HsptlRod_D (Tamil Nadu)
IND630002AAA,Karaikudi_Sbrmnprm_D (Tamil Nadu)
IND622407AAA,Ponnamaravathi_Puduvalvu_D (Tamil Nadu)
IND415709AAA,Khed_Mahad_D (Maharashtra)
IND246174AAA,SrinagarUK_Srikot_D (Uttarakhand)
IND246444AAB,Karnaprayag_Umalodge_D (Uttarakhand)
IND246424AAA,Chamoli_CGRoad_D (Uttarakhand)
IND570020AAA,Mysore_Yadvgiri_IP (Karnataka)
IND571105AAA,Hunsur_RatnaDPP_D (Karnataka)
IND571213AAA,Gonikoppal_Thomas_D (Karnataka)
IND571114AAA,HDKote_BegurRD_D (Karnataka)
IND500039AAD,Hyderabad_Uppal_L (Telangana)
IND201301AAM,Noida_Sector63_L (Uttar Pradesh)
IND410206AAA,Jasai_JNPT_D (Maharashtra)
IND764020AAC,Koraput_GhtimDPP_D (Orissa)
IND764001AAC,Jeypore_Kelasahi_D (Orissa)
IND641607AAA,Tirupur_Koliplm_I (Tamil Nadu)
IND413709AAA,Shrirampur_DavkharRd_D (Maharashtra)
IND423109AAA,Shirdi_SaiBansi_D (Maharashtra)
IND423601AAA,Kopargaon_NkshtrPz_D (Maharashtra)
IND423701AAB,Vaijiapur_YeolaRD_D (Maharashtra)
IND246149AAA,Kotdwara_Nzbadrd_D (Uttarakhand)
IND722202AAA,Barjora_Central_DPP_1 (West Bengal)
IND722101AAA,Bankura_KeranDPP_D (West Bengal)
IND577598AAC,Hiriyur_TahurDPP_D (Karnataka)
IND303702AAB,Chomu_ShsmlDPP_D (Rajasthan)
IND332404AAA,Reengus_Shop2DPP_D (Rajasthan)
IND332001AAB,Sikar_FatehpRd_I (Rajasthan)
IND334001AAC,Bikaner_ITICollg_L (Rajasthan)
IND341303AAA,Didwana_KatlaDPP_D (Rajasthan)
IND341306AAA,Sujangarh_LdnunDPP_D (Rajasthan)
IND756100AAC,Bhadrak_Central_I_2 (Orissa)
IND758001AAA,Kendujhar_Sirjudin_D (Orissa)
IND757037AAA,Karanjia_Sarubali_D (Orissa)
IND303106AAA,Paota_SmClyDPP_D (Rajasthan)
IND530026AAA,Vizag_Gajuwaka (Andhra Pradesh)
IND531036AAA,Chodavaram_BaljiDPP_D (Andhra Pradesh)
IND785621AAA,Golaghat_BaruaRd_D (Assam)
IND785682AAA,Sivasagar_Babupaty_D (Assam)
IND221010AAB,Varanasi_MahmurGj_IP (Uttar Pradesh)
IND506001AAC,Warangal_Central_D_2 (Telangana)
IND505467AAA,Husnabad_Greenmkt_D (Telangana)
IND505122AAA,Jammikunta_ConduDPP_D (Telangana)
IND500008AAD,Hyderabad_Tolichwk_L (Telangana)
IND577432AAA,Thirthahalli_NadthiCx_D (Karnataka)
IND577126AAA,Koppa_Sangetha_D (Karnataka)
IND843109AAB,Kanti_Central_DPP_2 (Bihar)
IND843126AAA,Saraiya_Wardno4_D (Bihar)
IND522647AAA,Vinukonda_Kothapet_D (Andhra Pradesh)
IND813102AAA,Banka_Wardno6_D (Bihar)
IND812002AAA,Bhagalpur_Pbroad_DC (Bihar)
IND509358AAA,Kadthal_GndhiDPP_D (Telangana)
IND509324AAA,Kalwakurthy_VidyaNGR_D (Telangana)
IND508248AAB,Devarakonda_DindiRD_D (Telangana)
IND508377AAB,Haliya_PeroorRD_D (Telangana)
IND560067AAC,Bengaluru_Kadugodi_D (Karnataka)
IND562114AAA,Hoskote_DC (Karnataka)
IND508001AAA,Nalgonda_HydRoad_DC (Telangana)
IND412105AAC,Pune_North_D_3 (Maharashtra)
IND586128AAA,Sindagi_KalyanNg_D (Karnataka)
IND586211AAA,Indi_SindgiRD_D (Karnataka)
IND585314AAA,Aland_RazaviRd_D (Karnataka)
IND854105AAB,Katihar_Central_D_2 (Bihar)
IND521301AAA,Gudivada_GvrCompx_D (Andhra Pradesh)
IND226004AAA,Lucknow_Hub (Uttar Pradesh)
IND583119AAA,Sandur_WrdN1DPP_D (Karnataka)
IND212601AAA,Fatehpur_Kotwali_D (Uttar Pradesh)
IND210001AAA,Banda_GayatriN_D (Uttar Pradesh)
IND210427AAA,Mahoba_Mlkpura_D (Uttar Pradesh)
IND643001AAA,Ooty_Davisdle_D (Tamil Nadu)
IND509001AAA,Mahabubnagar_DC (Telangana)
IND509203AAA,Bijnapally_nagar_D (Telangana)
IND509301AAA,Jadcherla_Badeplly_D (Telangana)
IND425406AAA,Shindkheda_KakaCplx_D (Maharashtra)
IND123001AAA,Narnaul_DC (Haryana)
IND209721AAB,Chhibramau_Bhainpura_D (Uttar Pradesh)
IND207247AAB,Aliganj_KaimgnjRD_D (Uttar Pradesh)
IND305802AAA,Kishangarh_Central_D_2 (Rajasthan)
IND341512AAA,Parbatsar_AjmhwDPP_D (Rajasthan)
IND431001AAB,Aurangabad_Pratpngr_D (Maharashtra)
IND400072AAI,Mumbai_Chndivli_D (Maharashtra)
IND853204AAA,Naugchia_Vijayght_D (Bihar)
IND845412AAB,Chakia_Wardno10_D (Bihar)
IND452001AAC,Jalgaon_DC (Maharashtra)
IND425201AAA,Bhusawal_Samarth_D (Maharashtra)
IND425508AAB,Raver_Truptingr_D (Maharashtra)
IND450331AAA,Burhanpur_StRoad_D (Madhya Pradesh)
IND630561AAA,Sivaganga_Wardno3_D (Tamil Nadu)
IND641654AAA,Avinashi_Valluvar_D (Tamil Nadu)
IND422011AAD,Nashik_TgrniaRD_I (Maharashtra)
IND411021AAA,PNQ Pashan DPC (Maharashtra)
IND828401AAB,Gomoh_KhsmiDPP_D (Jharkhand)
IND396321AAA,Bilimora_DC (Gujarat)
IND396580AAB,Vansda_CikhliRD_D (Gujarat)
IND586101AAA,Bijapur_KirtiNgr_D (Karnataka)
IND798601AAA,Mokokchung_Central_D_1 (Nagaland)
IND841301AAC,Unknown_Source
IND841405AAA,Barauli_SiwanRd_D (Bihar)
IND518501AAA,Nandyal_SrnvsNgr_D (Andhra Pradesh)
IND271210AAA,Tulsipur_Central_DPP_1 (Uttar Pradesh)
IND396445AAA,Navsari_DC (Gujarat)
IND396001AAA,Valsad_DC (Gujarat)
IND621306AAA,Manapparai_BypassRd_D (Tamil Nadu)
IND625106AAA,Melur_MduraiRD_D (Tamil Nadu)
IND480886AAA,Lakhnadon_Central_DPP_1 (Madhya Pradesh)
IND480661AAA,Seoni_Kidwai_D (Madhya Pradesh)
IND480001AAA,Chhindwara_NagpurRd_D (Madhya Pradesh)
IND481661AAA,Mandla_Mharajpr_D (Madhya Pradesh)
IND643231AAA,Coonoor_Fairybnk_D (Tamil Nadu)
IND281401AAA,Chhata_GvrdnDPP_D (Uttar Pradesh)
IND321022AAA,Kaman_BsstdDPP_D (Rajasthan)
IND792130AAB,Khonsa_Central_D_1 (Arunachal Pradesh)
IND591302AAB,Khanapur_StatinRD_D (Karnataka)
IND125005AAA,Hisar_IndstlAr_I (Haryana)
IND125104AAA,Sirsa_AnprnDPP_D (Haryana)
IND181152AAB,Jammu_Central_I_1 (Jammu & Kashmir)
IND401104AAB,Mumbai_MiraRoad_M (Maharashtra)
IND416404AAA,Jath_Shivprsad_D (Maharashtra)
IND560085AAA,Bengaluru_Banshkri_DC (Karnataka)
IND000000AEM,Gurgaon_Bilaspur_RP (Haryana)
IND485001AAC,Satna_Central_I_2 (Madhya Pradesh)
IND486771AAA,Churhat_Central_DPP_1 (Madhya Pradesh)
IND486661AAA,Sidhi_Padra_D (Madhya Pradesh)
IND827013AAA,Bokaro_KSClny_DC (Jharkhand)
IND733201AAA,Dalkhola_DltprDPP_D (West Bengal)
IND370201AAA,Gandhidham_Sector1A_IP (Gujarat)
IND363330AAB,Halvad_CrossRD_D (Gujarat)
IND363310AAB,Dhrangadhra_NvygRDPP_D (Gujarat)
IND673121AAA,Kalpetta_Ward19_D (Kerala)
IND670645AAB,Mananthavady_Central_D_1 (Kerala)
IND752050AAA,Khurdha_JatniDPP_D (Orissa)
IND232101AAB,MughalSarai_Central_D_2 (Uttar Pradesh)
IND232104AAB,Chandauli_ShubsNGR_D (Uttar Pradesh)
IND505302AAB,Vemulawada_Central_DPP_2 (Telangana)
IND505327AAA,Jagtial_Aravind_D (Telangana)
IND504215AAA,Luxettipet_ShivaDPP_D (Telangana)
IND151505AAA,Mansa_GreenVly_D (Punjab)
IND600083AAA,Chennai_AshokNagar_DC (Tamil Nadu)
IND363520AAC,Chotila_Central_D_2 (Gujarat)
IND204101AAA,Hathras (Uttar Pradesh)
IND722122AAA,Bishnupur_StnRdDPP_D (West Bengal)
IND122001AAD,Gurgaon_Kadipur (Haryana)
IND383315AAC,Modasa_Central_D_1 (Gujarat)
IND383255AAB,Khedbrahma_Patelfli_D (Gujarat)
IND515301AAA,Madakasira_RTCStand_D (Andhra Pradesh)
IND561202AAB,Pavagada_PnukndRD_D (Karnataka)
IND712612AAA,Kamarpukur_ChatiDPP_D (West Bengal)
IND524201AAA,Kavali_Kacheri_D (Andhra Pradesh)
IND000000AEL,Delhi_PunjabiB_L (Delhi)
IND764071AAB,Pappadahandi_Central_DPP_2 (Orissa)
IND110043AAC,Delhi_Nangli_L (Delhi)
IND333001AAA,Jhunjhunu_DC (Rajasthan)
IND333504AAA,Khetri_NagarDPP_D (Rajasthan)
IND332713AAA,NeemKaThana_War5DPP_D (Rajasthan)
IND733128AAA,Itahar_NatunDPP_D (West Bengal)
IND733129AAA,Kaliyaganj_FatprDPP_D (West Bengal)
IND524003AAA,Nellore_DC (Andhra Pradesh)
IND413307AAC,Sangola_Central_DPP_3 (Maharashtra)
IND485771AAA,Maihar_MngalDPP_D (Madhya Pradesh)
IND303002AAA,Achrol_BgwriDPP_D (Rajasthan)
IND700065AAB,CCU_Beleghta_CP (West Bengal)
IND110077AAA,Delhi_Palam (Delhi)
IND637408AAA,Rasipurm_Knrpati_D (Tamil Nadu)
IND360490AAA,Upleta_AdrshSt_DC (Gujarat)
IND395001AAA,Surat_Central_D_9 (Gujarat)
IND828111AAA,Dhanbad_Jharia_DC (Jharkhand)
IND334803AAA,Nokha_DeVDPP_D (Rajasthan)
IND341001AAC,Nagaur_KisanCo_D (Rajasthan)
IND591115AAB,Kittur_ColageRD_D (Karnataka)
IND521105AAA,HanumanJNC_VijywdRD_D (Andhra Pradesh)
IND413304AAA,Pandharpur_RajCmplx_D (Maharashtra)
IND635802AAB,Ambur_Central_D_2 (Tamil Nadu)
IND410401AAA,Lonavala_NngrgnRd_D (Maharashtra)
IND532127AAA,Rajam_SamathBv_D (Andhra Pradesh)
IND535558AAA,Bobbili_ColegRd_D (Andhra Pradesh)
IND262501AAA,Pithorgarh_Kumud_D (Uttarakhand)
IND604303AAA,Marakkanam_MJRDPP_D (Tamil Nadu)
IND312605AAB,Pratapgarh_Nimachrd_D (Rajasthan)
IND458001AAB,Mandsaur_YashDPP_D (Madhya Pradesh)
IND458990AAA,Sitamau_Central_DPP_1 (Madhya Pradesh)
IND781354AAA,Rangia_HosptlRd_D (Assam)
IND783370AAB,Kokrajhar_HplrdDPP_D (Assam)
IND783301AAA,Dhubri_Tetultol_D (Assam)
IND783348AAA,Bilasipara_Wardno5_D (Assam)
IND794101AAA,Tura_Sracmplx_D (Meghalaya)
IND600016AAB,Chennai_Alandur_C (Tamil Nadu)
IND301019AAA,Bhiwadi DC (Rajasthan)
IND505325AAA,Metpally_GunjRDPP_D (Telangana)
IND202001AAC,Aligarh_Central_D_2 (Uttar Pradesh)
IND204215AAA,SikandraRao_JydevNGR_D (Uttar Pradesh)
IND207001AAA,Etah_CivlLine_D (Uttar Pradesh)
IND207302AAA,Jalesar_ChngiDPP_D (Uttar Pradesh)
IND124507AAA,Bahadurgarh_DC (Haryana)
IND124112AAA,Meham_GModDPP_D (Haryana)
IND303303AAA,Dausa_IndraCln_D (Rajasthan)
IND322230AAA,Hindaun_MndwrRod_D (Rajasthan)
IND322241AAA,Karauli_HnsChowk_D (Rajasthan)
IND322201AAA,Gangapur_Ward6DPP_D (Rajasthan)
IND581402AAA,Sirsi_Vidygiri_D (Karnataka)
IND577401AAA,Sagara_Vardhard_D (Karnataka)
IND754022AAA,Tangi_SriDPP_D (Orissa)
IND815301AAA,Giridih_Shivalya_D (Jharkhand)
IND493118AAC,Bhatpara_TrengaRD_D (Chhattisgarh)
IND495334AAB,Mungeli_Panderia_D (Chhattisgarh)
IND689650AAA,Kozhenchery_Cherukole_D (Kerala)
IND733140AAA,Gangarampr_FulbaDPP_D (West Bengal)
IND571301AAA,Nanjangud_RPRoad_D (Karnataka)
IND571111AAB,Gundlupet_Swamylyt_D (Karnataka)
IND571313AAB,Chamarjngr_BrDbleRd_D (Karnataka)
IND571440AAA,Kollegala_NarsipuraRd_D (Karnataka)
IND571430AAA,Malavalli_SulthnRd_D (Karnataka)
IND571124AAA,Tirumakudalu_Narasipr_D (Karnataka)
IND505001AAA,Karimnagar_DC (Telangana)
IND209206AAB,Ghatampur_StatinRD_D (Uttar Pradesh)
IND574211AAA,Bantwal_Trmltmpl_D (Karnataka)
IND574202AAA,Puttur_Darbe_DC (Karnataka)
IND574239AAA,Sullia_Srirampt_D (Karnataka)
IND574221AAA,Kadaba_AnugrDPP_D (Karnataka)
IND768004AAD,Sambalpur_Central_H_2 (Orissa)
IND768028AAA,Bargarh_JJCpxDPP_D (Orissa)
IND767001AAA,Balangir_Rjndpara_D (Orissa)
IND767017AAA,Sonepur_BrezeDPP_D (Orissa)
IND470004AAA,Sagar_Bahreya_I (Madhya Pradesh)
IND502313AAA,Narsapur_Xroad_D (Telangana)
IND802101AAA,Buxar_Sarswati_D (Bihar)
IND802119AAA,Dumraon_Nishangr_D (Bihar)
IND802158AAB,Jagdishpur_Wardno13_D (Bihar)
IND173212AAA,Solan_MohanPrk_D (Himachal Pradesh)
IND721306AAA,Kharagpur_DC (West Bengal)
IND721253AAC,ChandroknaRD_Central_DPP_3 (West Bengal)
IND160003AAA,Chandigarh (Chandigarh)
IND500018AAA,Hyderabad_PndrgNgr_DC (Telangana)
IND743347AAA,Kakdwip_KlngrDPP_D (West Bengal)
IND635001AAA,Krishnagiri_BnglorRd_D (Tamil Nadu)
IND854105AAA,Katihar_Shyndco_D (Bihar)
IND781014AAA,Guwahati_Jalukbari (Assam)
IND208006AAA,Kanpur_GovndNgr_DC (Uttar Pradesh)
IND781335AAA,Nalbari_Bhgtpura_D (Assam)
IND000000AET,Barpeta_ShivBari_D (Assam)
IND000000AAS,Bongaigaon_Chpaguri_D (Assam)
IND783370AAC,Kokrajhar_PigonDPP_D (Assam)
IND757041AAA,Udala_NagplDPP_D (Orissa)
IND504296AAA,Kaghaznagar_Central_DPP_1 (Telangana)
IND504208AAB,Mancherial_Hitech_D (Telangana)
IND535501AAB,Parvathipuram_Central_D_2 (Andhra Pradesh)
IND532440AAA,Palakonda_VadaiDPP_D (Andhra Pradesh)
IND464001AAA,Vidisha_ShrprDPP_D (Madhya Pradesh)
IND464221AAA,GanjBasoda_MnRDDPP_D (Madhya Pradesh)
IND518206AAA,Betamcherla_CmtNgRod_D (Andhra Pradesh)
IND362220AAA,Junagadh_keshod_DC (Gujarat)
IND362225AAA,Mangrol_JilRDDPP_D (Gujarat)
IND144514AAA,Nawanshahr_DC (Punjab)
IND141115AAA,Machhiwara_MnBzrDPP_D (Punjab)
IND625008AAA,Madurai_Kappalur_H (Tamil Nadu)
IND626123AAA,Sivakasi_Msstreet_DC (Tamil Nadu)
IND627756AAA,Sankaran_Kovil_D (Tamil Nadu)
IND416606AAA,Malvan_BllvMarg_D (Maharashtra)
IND147301AAA,Mandi_Gobindgarh_DC (Punjab)
IND380006AAB,Ahmedabad_Mithakal_D (Gujarat)
IND335803AAA,Pilibanga_BsstdDPP_D (Rajasthan)
IND335701AAA,Anupgarh_PrmNrDPP_D (Rajasthan)
IND501359AAG,Hyderabad_South_R_11 (Telangana)
IND505425AAA,DhrmpuriTS_HanumDPP_D (Telangana)
IND507123AAA,Yellandu_Sudimala_D (Telangana)
IND506314AAA,Rayaparthi_Perkadrd_D (Telangana)
IND521201AAA,Nuzvid_Ward17_D (Andhra Pradesh)
IND303301AAB,Bassi_DmodrNGR_D (Rajasthan)
IND303503AAA,Lalsot_NWclyDPP_D (Rajasthan)
IND333042AAA,Nawalgarh_NavldiDPP_D (Rajasthan)
IND331023AAA,Rajgarh_SadulDPP_D (Rajasthan)
IND331304AAA,Taranagar_RajRdDPP_D (Rajasthan)
IND563130AAA,Malur_NharuExt_D (Karnataka)
IND415612AAA,Ratnagiri_MjgaonRd_D (Maharashtra)
IND415408AAC,Shirala_Central_DPP_3 (Maharashtra)
IND361305AAC,Khambhalia_JdswarRD_D (Gujarat)
IND361315AAA,Bhatiya_Kalyanpr_D (Gujarat)
IND571438AAB,Srirangapatna_Bburynkpl_D (Karnataka)
IND571401AAA,Mandya_Dc (Karnataka)
IND562159AAA,Ramanagara_BMRd_DC (Karnataka)
IND562117AAA,Kanakapura_VaniThtr_D (Karnataka)
IND421301AAA,Mumbai_Kalyan West _Dc (Maharashtra)
IND395010AAB,Surat_Brpc (Gujarat)
IND333031AAA,Pilani (Rajasthan)
IND695609AAA,Pangodu_Central_D_1 (Kerala)
IND518124AAA,Bngnpalle_Enkndla_D (Andhra Pradesh)
IND623701AAA,Paramakudi_VagaiNgr_D (Tamil Nadu)
IND623503AAA,Ramnthpurm_TnhbBlkC_D (Tamil Nadu)
IND623526AAA,Rameswram_Kdthdstrt_D (Tamil Nadu)
IND623704AAA,Muthukulathur_VaiklSRT_D (Tamil Nadu)
IND626607AAB,Narikkudi_MukkuRD_D (Tamil Nadu)
IND758035AAA,Barbil_PunjbiPd_D (Orissa)
IND403601AAA,Goa_Margao_Dc (Goa)
IND742401AAA,Ghanashyampur_NditaDPP_D (West Bengal)
IND201301AAD,NOI_RPC (Delhi)
IND700144AAA,Baruipur_Bnsibtla_D (West Bengal)
IND743395AAA,Jaynagar_MjlprDPP_D (West Bengal)
IND333028AAA,Sultana_Central_DPP_1 (Rajasthan)
IND508252AAB,Choutuppal_Nagaram_D (Telangana)
IND508207AAB,Miryalguda_Ragvendr_D (Telangana)
IND508213AAB,Suryapet_Krishna_D (Telangana)
IND560027AAA,Blr_Domlur (Karnataka)
IND211011AAA,Allahabad_Central_D_5 (Uttar Pradesh)
IND212501AAA,Soraon_BypassRD_D (Uttar Pradesh)
IND431131AAB,Majalgaon_SmbjiCwk_D (Maharashtra)
IND832109AAB,Jamshedpur_Central_I_3 (Jharkhand)
IND233001AAA,Ghazipur_Kaithwal_D (Uttar Pradesh)
IND275503AAA,Ghosi_Jamalpur_D (Uttar Pradesh)
IND275303AAA,Dohrighat_AzmrdDPP_D (Uttar Pradesh)
IND628801AAA,Eral_Busstand_D (Tamil Nadu)
IND628204AAA,Tirchchndr_Shnmgprm_D (Tamil Nadu)
IND627657AAA,Thisayanvilai_UdnkdiRD_D (Tamil Nadu)
IND431203AAA,Jalna_BhgyaNgr_D (Maharashtra)
IND132001AAA,Karnal (Haryana)
IND757024AAA,Sankerko_AmbkaDPP_D (Orissa)
IND110085AAB,Delhi_Rohini_DPC (Delhi)
IND110039AAA,Delhi_Barwala (Delhi)
IND473226AAA,Guna_Raghogrh_D (Madhya Pradesh)
IND221313AAA,Varanasi_Central_H_4 (Uttar Pradesh)
IND282001AAA,Agra_Idgah_P (Uttar Pradesh)
IND473001AAA,Guna_HnumnDPP_D (Madhya Pradesh)
IND473331AAA,Ashokngr_Bypassrd_D (Madhya Pradesh)
IND600110AAA,Chennai_Madhavaram_L (Tamil Nadu)
IND509124AAA,JoguGadwal_ColctrOf_D (Telangana)
IND201001AAA,Ghaziabad_Patel Nagar (Uttar Pradesh)
IND781001AAA,Guwahati_UzanBazr_DC (Assam)
IND636352AAA,Thoppur_HghsclRD_D (Tamil Nadu)
IND636705AAB,Dharmapuri_Central_D_2 (Tamil Nadu)
IND246725AAB,Chandpur_NorprRD_D (Uttar Pradesh)
IND451666AAA,Sendhwa_VishnuVhr_D (Madhya Pradesh)
IND400612AAA,Mumbai_Mumbra_DC (Maharashtra)
IND327001AAB,Banswara_KhandDPP_D (Rajasthan)
IND176201AAA,Jassur_AadiDPP_D (Himachal Pradesh)
IND176303AAA,Dalhousie_Banikhet_D (Himachal Pradesh)
IND176310AAA,Chamba_Bangotu_D (Himachal Pradesh)
IND509103AAC,Unknown_Source
IND500010AAA,Hyderabad_Alwal_I (Telangana)
IND110092AAC,Delhi_Patparganj_DPC (Delhi)
IND360510AAB,Bhanvad_Mainroad_D (Gujarat)
IND722143AAB,Mejia_Central_D_1 (West Bengal)
IND723133AAA,Rghunthpur_barkarRd_D (West Bengal)
IND723130AAA,Hura_Central_D_1 (West Bengal)
IND484446AAA,Dola_ChainDPP_D (Madhya Pradesh)
IND124103AAA,Jhajjar_DC (Haryana)
IND400102AAB,Mumbai_Jogeshwri_L (Maharashtra)
IND395004AAB,Surat_Central_D_3 (Gujarat)
IND495677AAA,Korba_Tilknagr_DC (Chhattisgarh)
IND243201AAA,Baheri_HoliCDPP_D (Uttar Pradesh)
IND262001AAA,Pilibhit_ViksClny_D (Uttar Pradesh)
IND786125AAA,Tinusukia_Chrwpaty_D (Assam)
IND786190AAA,DoomDooma_Pthrgoan_D (Assam)
IND792103AAB,Namsai_HelipadRD_D (Arunachal Pradesh)
IND792001AAA,Tezu_Farmnala_D (Arunachal Pradesh)
IND176110AAB,Sujanpur_SainkSCL_D (Himachal Pradesh)
IND751014AAA,Bhubaneswar_BjbNgr_DC (Orissa)
IND712410AAC,Tarkeshwar_Naraynpr_D (West Bengal)
IND781124AAA,Chhaygaon_GwhRDDPP_D (Assam)
IND577501AAA,Chitradurga_DC (Karnataka)
IND274509AAB,Salempur_Banjaria_D (Uttar Pradesh)
IND272207AAB,Naugarh_Central_D_1 (Uttar Pradesh)
IND625532AAA,Usilampatti_MrutiNGR_D (Tamil Nadu)
IND518401AAA,Nandikotkr_UmarDPP_D (Andhra Pradesh)
IND815351AAA,Jamtara_D (Jharkhand)
IND814101AAB,Dumka_Dudhani_D (Jharkhand)
IND816107AAA,Pakur_Hatpada_D (Jharkhand)
IND476001AAA,Morena_Prjapati_D (Madhya Pradesh)
IND477001AAB,Bhind_EtwahDPP_D (Madhya Pradesh)
IND713303AAA,Asansol_DC (West Bengal)
IND636005AAA,Salem_Kadtmpty_H (Tamil Nadu)
IND792120AAB,Changlang_Central_D_1 (Arunachal Pradesh)
IND385340AAB,Radhanpur_Santalpr_D (Gujarat)
IND302022AAD,Jaipur_RIICO_L (Rajasthan)
IND643212AAA,Gudalur_kalmpuza_D (Tamil Nadu)
IND276128AAA,Azamgarh_ChtwrDPP_D (Uttar Pradesh)
IND276305AAA,Saraimeer_MsmcyDPP_D (Uttar Pradesh)
IND223101AAB,Shahganj_KcharaRD_D (Uttar Pradesh)
IND222125AAB,Badlapur_Bhaluahi_D (Uttar Pradesh)
IND126102AAA,Jind_DC (Haryana)
IND126116AAA,Unknown_Source
IND486001AAA,Rewa_Dc (Madhya Pradesh)
IND403401AAA,Goa_Ponda_Dc (Goa)
IND483225AAA,Sihora_KtnRdDPP_D (Madhya Pradesh)
IND721602AAB,Haldia_Central_D_2 (West Bengal)
IND262122AAB,Puranpur_MdothdRD_D (Uttar Pradesh)
IND311301AAA,Asind_BsStdDPP_D (Rajasthan)
IND627401AAA,Ambasamdrm_Solaiprm_D (Tamil Nadu)
IND732138AAA,Bamangola_Central_D_1 (West Bengal)
IND221010AAA,Varanasi (Uttar Pradesh)
IND788806AAA,Badarpur_Konapara_D (Assam)
IND591307AAC,Gokak_Bsavangr_D (Karnataka)
IND201005AAA,Ghaziabad_RjndrNgr_DC (Uttar Pradesh)
IND144601AAA,Kapurthala_DC (Punjab)
IND144040AAA,Nakodar_ChowkDPP_D (Punjab)
IND121004AAC,Faridabad_MohnVRTL_D (Haryana)
IND742202AAA,Dhulian_RatanDPP_D (West Bengal)
IND396105AAA,Bhilad_Umargaon_DC (Gujarat)
IND530018AAA,Vizag _NAD (Andhra Pradesh)
IND307001AAA,Sirohi_Ricco_D (Rajasthan)
IND306902AAA,Sumerpur_BazarDPP_D (Rajasthan)
IND306116AAA,Falna_SbhRDDPP_D (Rajasthan)
IND110020AAB,OK_RPC (Delhi)
IND208019AAA,Kanpur_Rawatpur_D (Uttar Pradesh)
IND600004AAA,Chennai_Mylapore (Tamil Nadu)
IND284001AAA,Jhansi_LVMColge_D (Uttar Pradesh)
IND284403AAA,Lalitpur_RjghatRd_D (Uttar Pradesh)
IND472001AAA,Tikamgarh_MndiRoad_D (Madhya Pradesh)
IND132103AAA,Panipat (Haryana)
IND151103AAA,RampuraPhul_DC (Punjab)
IND272155AAA,Harraiya_MahuGDPP_D (Uttar Pradesh)
IND784001AAA,Tezpur_Mhbhirab_D (Assam)
IND791102AAA,Pasighat_MissonRd_D (Arunachal Pradesh)
IND784168AAB,Gohpur_Central_D_1 (Assam)
IND110030AAD,Delhi_Kishangarh_DPC (Delhi)
IND532421AAA,Narasnpeta_HudcoDPP_D (Andhra Pradesh)
IND532201AAA,Tekkali_AmvdiDPP_D (Andhra Pradesh)
IND761200AAA,Paralakhemundi_Ward14_D (Orissa)
IND271201AAA,Balrampur_PBRDDPP_D (Uttar Pradesh)
IND465333AAA,Shujalpur_AstrdDPP_D (Madhya Pradesh)
IND532222AAA,Palasa_Central_DPP_1 (Andhra Pradesh)
IND712406AAA,Khanakul_Ramnagar_D (West Bengal)
IND712602AAA,Arambag_BalibDPP_D (West Bengal)
IND462021AAA,Bhopal_Indrapri_DC (Madhya Pradesh)
IND281121AAB,Vrindavan_MathuraRD_D (Uttar Pradesh)
IND328001AAA,Dholpur_GtRoad_D (Rajasthan)
IND441614AAA,Gondia_RamNgr_D (Maharashtra)
IND700026AAC,CCU_Lake Avenue_DPC (West Bengal)
IND177203AAA,Amb_Adrshngr_D (Himachal Pradesh)
IND177101AAA,DehraGopipur_Central_D_1 (Himachal Pradesh)
IND176215AAA,Dharamshala_GrudwrRd_D (Himachal Pradesh)
IND176061AAA,Palampur_Cnsrvila_D (Himachal Pradesh)
IND784125AAA,Mangaldoi_LNBRoad_D (Assam)
IND784110AAA,Dhekiajuli_Wardno5_D (Assam)
IND603203AAA,Chennai_Potheri (Tamil Nadu)
IND250221AAA,Daurala_Sardhnrd_D (Uttar Pradesh)
IND208017AAA,Kanpur_Central_D_5 (Uttar Pradesh)
IND793001AAA,Shillong (Meghalaya)
IND793150AAA,Jowai_Ldthlabh_D (Meghalaya)
IND500055AAA,Hyd_Trimulgherry_Dc (Telangana)
IND133004AAA,Ambala (Haryana)
IND000000AFR,Cochin_PanditRd_D (Kerala)
IND638001AAA,Erode (Tamil Nadu)
IND722101AAB,Bankura_NapitDPP_D (West Bengal)
IND395009AAA,Surat_Central_D_12 (Gujarat)
IND212402AAA,Phulpur_Shekhpur_D (Uttar Pradesh)
IND626138AAA,Maharajapuram_Krsnakcl_D (Tamil Nadu)
IND222001AAA,Jaunpur_Katghara_D (Uttar Pradesh)
IND422103AAC,Sinnar_Central_D_1 (Maharashtra)
IND518222AAA,Dhone_RmNyrDPP_D (Andhra Pradesh)
IND560099AAG,Bengaluru_Bomsndra_L (Karnataka)
IND754103AAA,Jagatsghpr_Markndpr_D (Orissa)
IND754142AAA,Paradip_Udyabata_D (Orissa)
IND799250AAA,Dharmanagr_Ranakant_D (Tripura)
IND493445AAB,Mahasamund_RajpurRD_D (Chhattisgarh)
IND364004AAB,Bhavnagar_ChtrGIDC_IP (Gujarat)
IND365560AAB,Amreli_Rajula_DC (Gujarat)
IND364270AAA,Palitana_STRdDPP_D (Gujarat)
IND792121AAB,Jairampur_Mdiclcly_D (Arunachal Pradesh)
IND311302AAA,Badnaur_BhmrdDPP_D (Rajasthan)
IND152024AAA,Jalalabad_Muktsar_D (Punjab)
IND152123AAA,Fazilka_GndhiChk_D (Punjab)
IND788121AAA,Kabuganj_Jantaclg_D (Assam)
IND781102AAA,Hajo_Sardala_D (Assam)
IND721501AAC,AmaDubi_Bulabeda_D (West Bengal)
IND335524AAA,Rawatsar_ShivmDPP_D (Rajasthan)
IND752056AAA,Khurdha_MdhsnDPP_D (Orissa)
IND721636AAB,Tamluk_Central_DPP_2 (West Bengal)
IND370615AAB,Nakhatrana_ClgRDDPP_D (Gujarat)
IND000000AAZ,Buldhana_Thsil3PL_D (Maharashtra)
IND444303AAA,Khamgaon_WamanDPP_D (Maharashtra)
IND471001AAA,Chhatarpur_Busstand_D (Madhya Pradesh)
IND600016AAA,Airport (Tamil Nadu)
IND796009AAA,Aizawl_HunthrVg_I (Mizoram)
IND796321AAB,Champhai_AwmpiVng_D (Mizoram)
IND484661AAE,Umaria_Central_DPP_3 (Madhya Pradesh)
IND248001AAA,Dehradun (Uttarakhand)
IND145001AAA,Pathankot_DC (Punjab)
IND756029AAA,Basta_Central_DPP_1 (Orissa)
IND484001AAA,Shahdol_Sohagpur_D (Madhya Pradesh)
IND413307AAB,Sangola_Central_DPP_2 (Maharashtra)
IND360370AAA,Jetpur_DC (Gujarat)
IND360410AAA,Dhoraji_JmnvadRd_DC (Gujarat)
IND803213AAA,Barh_Malahi_D (Bihar)
IND273155AAA,Anandnagar_LohiaDPP_D (Uttar Pradesh)
IND273303AAA,Maharajganj_PakriDPP_D (Uttar Pradesh)
IND504293AAA,Asifabad_PaikjNGR_D (Telangana)
IND626117AAA,Rajpalayam_AshkTalk_D (Tamil Nadu)
IND758034AAA,Joda_Central_D_1 (Orissa)
IND848114AAA,DalsinghSarai_Wardno13_D (Bihar)
IND848210AAA,Rusera_Wardno4_D (Bihar)
IND535591AAA,Salur_ward9_D (Andhra Pradesh)
IND723101AAA,Purulia_GariDPP_D (West Bengal)
IND723202AAA,Jhalda_GMukrDPP_D (West Bengal)
IND147201AAA,Nabha_Sahni_D (Punjab)
IND584123AAA,Manvi_APMCYard_D (Karnataka)
IND584128AAA,Sindhanur_VasaviNg_D (Karnataka)
IND574117AAA,Uchila_Busstand_D (Karnataka)
IND521001AAA,Machilipatnam_DC (Andhra Pradesh)
IND841101AAA,Sonepur_Sabalpur_D (Bihar)
IND211008AAA,Allahabad_Central_D_3 (Uttar Pradesh)
IND431112AAB,Sillod_ZebaTWR_D (Maharashtra)
IND784176AAA,Bishwanath_ChrliDPP_D (Assam)
IND825102AAA,Phusro_RhmgjDPP_D (Jharkhand)
IND734214AAB,Mirik_WardNo3_D (West Bengal)
IND000000AFF,Darjeeling_Hillcard_DC (West Bengal)
IND628613AAA,Peikulam_SriVnktpm_D (Tamil Nadu)
IND277303AAC,Sikandarpur_Central_D_3 (Uttar Pradesh)
IND125033AAA,Hansi_DelRdDPP_D (Haryana)
IND322001AAC,SawaiMadhopur_Central_DPP_1 (Rajasthan)
IND263139AAA,Haldwani_PiliKoti_D (Uttarakhand)
IND754160AAA,Tirtol_Central_D_2 (Orissa)
IND483501AAA,Katni_Bargawan_DC (Madhya Pradesh)
IND311001AAA,Bhilwara_DC (Rajasthan)
IND283122AAB,Kirauli_AchneraRD_D (Uttar Pradesh)
IND695541AAA,Nedumangad_Arsprmbu_D (Kerala)
IND501141AAA,Tandur_SnthiNGR_D (Telangana)
IND501101AAB,Vikarabad_Central_DPP_2 (Telangana)
IND509216AAC,Shadnagar_Central_D_1 (Telangana)
IND690537AAA,Kayamkulam_Bhrnikvu_D (Kerala)
IND689503AAB,Manthuka_Central_D_1 (Kerala)
IND124001AAB,Rohtak (Haryana)
IND575014AAA,Surathkal_DC (Karnataka)
IND781003AAA,Guwahati_Chandmari (Assam)
IND411017AAA,PNQ Rahatani DPC (Maharashtra)
IND144527AAA,Garhshnker_Jagrata_D (Punjab)
IND500039AAB,Hyd_Uppal_Dc (Telangana)
IND501301AAC,Ghatkesar_Central_D_1 (Telangana)
IND365560AAA,Amreli_MrktYrd_DC (Gujarat)
IND445101AAA,Nagpur_Gondkhry_H (Maharashtra)
IND600119AAA,Chennai_Sholinganallur_Dc (Tamil Nadu)
IND443301AAA,Mehkar_SagarDPP_D (Maharashtra)
IND443201AAA,Chikhli_KKndrDPP_D (Maharashtra)
IND487001AAA,Narsingpur_JrjolDPP_D (Madhya Pradesh)
IND464668AAA,Bareli_SourvDPP_D (Madhya Pradesh)
IND476111AAA,Ambah_MrenTirh_D (Madhya Pradesh)
IND477001AAA,Bhind_BhrolDPP_D (Madhya Pradesh)
IND695614AAA,Kilimanoor_Krvnkuzy_D (Kerala)
IND829121AAA,Peterbar_GagiDPP_D (Jharkhand)
IND250002AAA,Meerut (Uttar Pradesh)
IND483770AAA,Barhi_Central_DPP_1 (Madhya Pradesh)
IND125047AAB,Hisar_AgrohDPP_D (Haryana)
IND125051AAA,Ratia_SchdvDPP_D (Haryana)
IND523201AAA,Addanki_Oilmilrd_D (Andhra Pradesh)
IND627811AAA,Tenkasi_RailwyRd_D (Tamil Nadu)
IND791110AAA,Naharlagun_JmpuCntr_D (Arunachal Pradesh)
IND721133AAA,Keshiary_MdnprDPP_D (West Bengal)
IND721434AAB,Manglamaro_Bypassrd_D (West Bengal)
IND721401AAA,Contai_Kanakpur_D (West Bengal)
IND342902AAA,Gotan_DKLogDPP_D (Rajasthan)
IND140406AAA,SirhindFatehgarh_DC (Punjab)
IND140401AAA,Rajpura_DC (Punjab)
IND500032AAA,Hyd_Chandanagar_Dc (Telangana)
IND502295AAA,Sangareddy_Pothredy_D (Telangana)
IND695012AAB,Trivandrum_Mnanthla_D (Kerala)
IND505326AAA,Koratla_BhemuDPP_D (Telangana)
IND787059AAB,Silapathar_Hejunagr_D (Assam)
IND173220AAA,Parwanoo_Central_D_1 (Himachal Pradesh)
IND590016AAA,Belgaum_Dc (Karnataka)
IND125121AAA,Barwala_Central_DPP_1 (Haryana)
IND580002AAA,Dharwad_Dc (Karnataka)
IND400072AAA,Mumbai_Tejpal_M (Maharashtra)
IND400072AAJ,Mumbai_Tejpal_I (Maharashtra)
IND424101AAA,Chalisgaon_BhadgDPP_D (Maharashtra)
IND482002AAA,Jabalpur (Madhya Pradesh)
IND515411AAA,Tadipatri_CBRoad_D (Andhra Pradesh)
IND516360AAB,Proddatur_Central_D_2 (Andhra Pradesh)
IND516001AAA,Cuddapah_DC (Andhra Pradesh)
IND516227AAA,Badvel_Sidrd_D (Andhra Pradesh)
IND411048AAA,Pune_East_D_8 (Maharashtra)
IND274402AAA,Kushinagar_JiswlDPP_D (Uttar Pradesh)
IND331507AAA,Sujangarh_JngidDPP_D (Rajasthan)
IND209801AAA,Unnao_VikasRam_D (Uttar Pradesh)
IND422605AAA,Sangamner_JawanChk_D (Maharashtra)
IND110095AAB,Delhi_Jhilmil_L (Delhi)
IND733129AAB,Kaliyaganj_Central_DPP_1 (West Bengal)
IND721139AAC,Panskura_Central_D_3 (West Bengal)
IND248001AAD,Dehradun_Nirjanpur_L (Uttarakhand)
IND411043AAA,Pune Balaji Nagar (Maharashtra)
IND742137AAA,Kandi_DohalDPP_D (West Bengal)
IND752030AAA,Balugaon_Thikiri_D (Orissa)
IND152101AAA,Giddarbaha_DC (Punjab)
IND442605AAA,Gadchiroli_Central_DPP_1 (Maharashtra)
IND211010AAB,Allahabad_Mirapati_L (Uttar Pradesh)
IND121002AAA,Faridabad_Old (Haryana)
IND415301AAB,Atapadi_Vidyangr_D (Maharashtra)
IND221401AAA,Bhadohi_Rajpura_D (Uttar Pradesh)
IND790001AAB,Bomdila_CTRoad_D (Arunachal Pradesh)
IND312601AAA,Nimbahera_MsjidDPP_D (Rajasthan)
IND331022A1B,Unknown_Source
IND221303AAA,Gopiganj_Wardno13_D (Uttar Pradesh)
IND207123AAA,Kasganj_BnkrGate_D (Uttar Pradesh)
IND152116AAA,Abohar_DC (Punjab)
IND152107AAA,Malout_DC (Punjab)
IND403002AAA,Central Goa (Goa)
IND521165AAA,Vuyyuru_BhogdDPP_D (Andhra Pradesh)
IND505326AAB,Unknown_Source
IND413531AAA,Latur_Srnwsngr_D (Maharashtra)
IND413517AAA,Udgir_NlgaonRd_D (Maharashtra)
IND757001AAA,Baripada_KalikDPP_D (Orissa)
IND390018AAB,Vadodara_Karelibaug_DC (Gujarat)
IND534260AAC,Palakollu_CroadDPP_D (Andhra Pradesh)
IND811307AAA,Jamui_Mehsouri_D (Bihar)
IND811213AAA,KharagpurBR_Central_DPP_1 (Bihar)
IND811201AAB,Munger_Kaura_D (Bihar)
IND148102AAA,Bhadaur_BChwkDPP_D (Punjab)
IND416122AAA,Kolhapur_Central_H_2 (Maharashtra)
IND784101AAA,Balipara_EragnDPP_D (Assam)
IND768201AAA,Jharsuguda_MbRoad_D (Orissa)
IND713145AAB,Manteswar_MemariRD_D (West Bengal)
IND517325AAA,Madnapalle_PngnrRd_D (Andhra Pradesh)
IND686632AAA,Kothanalloor_Majoor_D (Kerala)
IND461001AAA,Hoshangabad_MnRDDPP_D (Madhya Pradesh)
IND244921AAB,Bilaspur_GrmNgriya_D (Uttar Pradesh)
IND791109AAA,Nirjuli_BageDPP_D (Arunachal Pradesh)
IND764059AAA,Nabarangpr_PhdofDPP_D (Orissa)
IND395006AAA,Surat_Varachha_DC (Gujarat)
IND127021AAA,Bhiwani_DC (Haryana)
IND786184AAA,Chabua_CollgeRD_D (Assam)
IND484551AAA,PaliBirsighpr_CtyLgDPP_D (Madhya Pradesh)
IND275101AAA,Mau_BaliaMod_D (Uttar Pradesh)
IND504251AAA,Bellmpalli_BasthDPP_D (Telangana)
IND733134AAA,Raiganj_SubrtDPP_D (West Bengal)
IND560099AAH,Bengaluru_South_D_20 (Karnataka)
IND131301AAA,Gohana_DvlalDPP_D (Haryana)
IND796081AAA,Kolasib_Diakkawn_D (Mizoram)
IND625218AAA,Vadipatti_lalaNGR_D (Tamil Nadu)
IND751021AAA,Bhubaneswar_Patia (Orissa)
IND341030AAA,Tarnau_BsstdDPP_D (Rajasthan)
IND742147AAA,Khargram_BoiDPP_D (West Bengal)
IND335501AAA,Bhadra_GMndiDPP_D (Rajasthan)
IND506343AAA,Mulugu_LaxmiNGR_D (Telangana)
IND414203AAB,Ashti_SavtaHTL_D (Maharashtra)
IND243002AAA,Bareilly (Uttar Pradesh)
IND733202AAB,Islampure_ShbdnDPP_D (West Bengal)
IND733102AAA,Balurghat_AkhirDPP_D (West Bengal)
IND484224AAA,Anuppur_JthriDPP_DC (Madhya Pradesh)
IND768028AAB,Bargarh_GurpdDPP_D (Orissa)
IND131028AAE,Sonipat_Central_D_2 (Haryana)
IND488001AAA,Panna_Mohnprwa_D (Madhya Pradesh)
IND403507AAA,Panaji Goa (Goa)
IND125050AAA,Fatehabad_SirsaDPP_D (Haryana)
IND125111AAA,Fatehabad_BhunaDPP_D (Haryana)
IND756045AAB,Soro_UttarDPP_D (Orissa)
IND306304AAB,Raipur_BypRDDPP_D (Rajasthan)
IND360003AAA,Rajkot_Kothriya_DC (Gujarat)
IND387620AAB,Kapadvanj_Busstand_D (Gujarat)
IND600048AAA,Chennai_Vandalur_Dc (Tamil Nadu)
IND506169AAB,Bhupalpally_JwahrNGR_D (Telangana)
IND505503AAA,Mahadevpur_Kataram_D (Telangana)
IND000000ADM,Cochin_Kdvantra_D (Kerala)
IND673027AAB,Kozhikode_Feroke_H (Kerala)
IND844101AAB,Hajipur_ThaneDPP_D (Bihar)
IND282001AAC,Agra_Idgah_L (Uttar Pradesh)
IND403507AAB,Goa_Mapusa (Goa)
IND783129AAA,Lakhipur_WrdN4DPP_D (Assam)
IND301705AAA,Neemrana_Rcocmplx_D (Rajasthan)
IND792110AAA,Roing_DibngVly_D (Arunachal Pradesh)
IND741101AAB,Krishnanagar_AnadiDPP_D (West Bengal)
IND560077AAA,Bengaluru_ Kothanur_L (Karnataka)
IND732103AAA,Malda_krshnPly_DC (West Bengal)
IND759122AAC,Angul_Central_I_2 (Orissa)
IND762001AAA,Phulbani_Krusphrma_D (Orissa)
IND302026AAA,Jaipur_Bhankrot_DC (Rajasthan)
IND141010AAA,Ludhiana_DC (Punjab)
IND425401AAA,Amalner_Murtingr_D (Maharashtra)
IND425109AAA,Erandol_BsStdDPP_D (Maharashtra)
IND424201AAA,Pachora_PcrrdDPP_D (Maharashtra)
IND396191AAB,Vapi_IndEstat_L (Gujarat)
IND400706AAA,Mumbai_Nerul_D (Maharashtra)
IND621112AAA,Tiruchi_Samyaprm_D (Tamil Nadu)
IND110083AAA,Delhi_Mangol_DC (Delhi)
IND244901AAC,Rampur_ThanaDPP_D (Uttar Pradesh)
IND752055AAA,Khurdha_MunplDPP_D (Orissa)
IND814133AAA,Godda_PushPlza_D (Jharkhand)
IND733202AAC,Islampure_Central_DPP_2 (West Bengal)
IND722154AAA,MirzapurWB_VidyaDPP_D (West Bengal)
IND638452AAA,Gobicheti_Ward25_D (Tamil Nadu)
IND741121AAA,Badkulla_Central_DPP_1 (West Bengal)
IND624703AAA,Gujiliam_Parai_D (Tamil Nadu)
IND242001AAA,Shahjhnpur_NavdaCln_D (Uttar Pradesh)
IND533242AAA,Razole_Shanthi_D (Andhra Pradesh)
IND410503AAA,Ambegaon_Manchar_D (Maharashtra)
IND304001AAA,Tonk_DC (Rajasthan)
IND000000AAQ,Barasat_KrshnNgr_D (West Bengal)
IND760003AAB,Berhampur_Khajuria_I (Orissa)
IND302006AAC,Jaipur_Central_D_10 (Rajasthan)
IND826001AAC,Dhanbad_Central_D_4 (Jharkhand)
IND360311AAA,Gondal_DC (Gujarat)
IND495004AAA,Bilaspur_Torwa_DC (Chhattisgarh)
IND811105AAA,Sheikhpura_Bgwtichk_D (Bihar)
IND686540AAA,Karukachal_MnimlaRd_D (Kerala)
IND334001AAB,Bikaner_DC (Rajasthan)
IND679322AAA,Printhlmna_EmsPnmbi_D (Kerala)
IND785612AAB,Bokakhat_MlnprDPP_D (Assam)
IND491001AAA,Durg_Pulgaon_DC (Chhattisgarh)
IND785675AAA,Moranhat_TiloiDPP_D (Assam)
IND431717AAA,Degloor_Busstand_D (Maharashtra)
IND500035AAA,Hyd_LB-Nagar_Dc (Telangana)
IND732123AAC,Chanchal_BargaDPP_D (West Bengal)
IND600073AAA,Chennai_Selaiyur_DC (Tamil Nadu)
IND412803AAB,Wai_Central_DPP_3 (Maharashtra)
IND276140AAA,Jiyanpur_Central_DPP_1 (Uttar Pradesh)
IND276129AAA,Chiraiyakot_KamalDPP_D (Uttar Pradesh)
IND852118A1B,Unknown_Source
IND400016AAA,Mumbai Mahim (Maharashtra)
IND331701AAA,Sidhmukh_MnbzrDPP_D (Rajasthan)
IND335523AAB,Nohar_Central_DPP_2 (Rajasthan)
IND361335AAA,Dwarka_StnRoad_DC (Gujarat)
IND562132AAC,Bengaluru_Nelmngla_L (Karnataka)
IND639104AAB,Kulithalai_AnnaNGR_D (Tamil Nadu)
IND122413AAE,Gurgaon_Bilaspur_P (Haryana)
IND501359AAF,Hyderabad_Shamshbd_P (Telangana)
IND176041AAA,Bhota_BpassDPP_D (Himachal Pradesh)
IND302023AAA,Ambabadi_DC (Rajasthan)
IND360002AAB,Rajkot_PedakRd_P (Gujarat)
IND321401AAB,Bayana_LalBagh_D (Rajasthan)
IND501218AAC,Shamshabad_Lngrguda_D (Telangana)
IND382345AAA,Amdavad_East (Gujarat)
IND421302AAH,Bhiwandi_Mankoli_GW (Maharashtra)
IND421004AAA,Mumbai_Ulhasngr_DC (Maharashtra)
IND636402AAA,Mettur_RTOroad_D (Tamil Nadu)
IND122101AAC,Gurgaon_SohnaRd_D (Haryana)
IND629001AAA,Nagarcoil_AsrplmRd_DC (Tamil Nadu)
IND148001AAA,Sangrur_DC (Punjab)
IND480106AAA,Sausar_Central_DPP_1 (Madhya Pradesh)
IND600044AAC,Chennai_Chrompet_PC (Tamil Nadu)
IND401208AAA,Nalasopara (Maharashtra)
IND441107AAB,Savner_Wagodha_D (Maharashtra)
IND679576AAA,Edappal_PonaniRD_D (Kerala)
IND410209AAA,Mumbai_Khandeshwar_Dc (Maharashtra)
IND131028AAA,Sonipat_Kundli_P (Haryana)
IND602105AAB,Chennai_Sriperumbudur_Dc (Tamil Nadu)
IND712310AAA,Kolkata_Dankuni_P (West Bengal)
IND203205AAA,Sikandrabd_GTRoad_D (Uttar Pradesh)
IND492007AAA,Raipur_Central_D_5 (Chhattisgarh)
IND500035AAD,Hyderabad_South_D_12 (Telangana)
IND457661AAA,Jhabua_Ward11_D (Madhya Pradesh)
IND613104AAA,Thirukkatupli_Poondi_D (Tamil Nadu)
IND841428AAA,Gopalganj_GopalDPP_D (Bihar)
IND736165AAA,Pundibari_StatonRD_D (West Bengal)
IND281004AAA,Mathura_DC (Uttar Pradesh)
IND000000ACS,BLR_HSR_Layout_PC (Karnataka)
IND000000ACO,Kasaragod_Nullipad_D (Kerala)
IND736101AAA,CoochBehar_Psthrjhr_D (West Bengal)
IND804401AAA,Arwal_Rozapar_D (Bihar)
IND226004AAC,Lucknow_Pandriba_L (Uttar Pradesh)
IND224122AAA,Akbarpur_Auliyapr_D (Uttar Pradesh)
IND262723AAB,Dhaurahara_TahsilRD_D (Uttar Pradesh)
IND411057AAF,Pune_East_D_7 (Maharashtra)
IND770017AAB,Rajgangpur_Central_D_2 (Orissa)
IND231216AAA,Robertsganj_ArtoDPP_D (Uttar Pradesh)
IND560066AAB,Bengaluru_Whitefld_L (Karnataka)
IND364710AAA,Botad_DC (Gujarat)
IND140603AAA,Zirakpur_DC (Punjab)
IND445001AAB,Yavatmal_JajuDPP_D (Maharashtra)
IND132039AAA,Assandh_MhrjaDPP_D (Haryana)
IND507167AAA,Tallada_PtrlBunk_D (Telangana)
IND423301AAB,Satana_ThrbadRD_D (Maharashtra)
IND673639AAA,Areacode_Puthalam_D (Kerala)
IND803108AAB,Chandi_SH78_D (Bihar)
IND560064AAA,Bengaluru_NwYlhnka_DC (Karnataka)
IND400052AAA,Mumbai_Khar West _Dc (Maharashtra)
IND786602AAA,Duliajan_StatonRd_D (Assam)
IND470227AAB,Rehli_Ward7DPP_D (Madhya Pradesh)
IND851112AAB,Barauni_Wardno10_D (Bihar)
IND622001AAA,Pudukkotti_Mrthndpr_D (Tamil Nadu)
IND571602AAA,Krishnarajngr_JublieRD_D (Karnataka)
IND722101AAC,Bankura_BhowmDPP_D (West Bengal)
IND813203AAA,Kahalgaon_NdiaTola_D (Bihar)
IND851204AAA,Khagaria_GodamDPP_D (Bihar)
IND211013AAA,Allahabad_Phaphamu_DC (Uttar Pradesh)
IND226016AAA,Lucknow_Indira Nagar (Uttar Pradesh)
IND380015AAB,AMD_Satellite (Gujarat)
IND431001AAA,Aurangabad (Maharashtra)
IND531162AAA,Vishakhapatnam (Andhra Pradesh)
IND000000AFS,Mumbai_Skynet_INT (Maharashtra)
IND110064AAB,KN_RPC (Delhi)
IND232327AAA,Gahmar_Wardnor4_D (Uttar Pradesh)
IND122050AAA,Gurgaon_Manesar (Haryana)
IND332715AAB,Shrimadhopur_RLSTNDPP_D (Rajasthan)
IND637001AAA,Namakkal_Rkcomplx_DC (Tamil Nadu)
IND678583AAA,Thachnttukra_Nattukal_D (Kerala)
IND123106AAB,Dharuhera_Central_DPP_2 (Haryana)
IND491995AAB,Kawardha_TrnsptNGR_D (Chhattisgarh)
IND210301AAA,Hamirpur_KanpurRd_D (Uttar Pradesh)
IND721507AAA,Jhargram_UBamdDPP_D (West Bengal)
IND410210AAA,Mumbai_Kharghar_D (Maharashtra)
IND110037AAB,Del_B_RPC (Delhi)
IND600013AAA,Chennai_Royapuram (Tamil Nadu)
IND562160AAB,Chanapatna_Central_D_2 (Karnataka)
IND272175AAA,Khalilabad_MrgnjDPP_D (Uttar Pradesh)
IND332709AAA,Khandela_PlsrdDPP_D (Rajasthan)
IND560099AAA,Bengaluru_Bomsndra_PC (Karnataka)
IND431401AAA,Parbhani_Rjndrngr_D (Maharashtra)
IND421302AAS,Mumbai_East_L_23 (Maharashtra)
IND496001AAA,Raigarh_MithmdRd_D (Chhattisgarh)
IND272153AAC,Bansi_GangDPP_D (Uttar Pradesh)
IND222136AAA,Jalalpur_Mhimapur_D (Uttar Pradesh)
IND221005A1A,Unknown_Destination
IND306001AAA,MarwarJn_SndbrDPP_D (Rajasthan)
IND791111AAC,Itanagar_WageDPP_D (Arunachal Pradesh)
IND481001AAA,Balaghat_Kosmi_D (Madhya Pradesh)
IND176001AAB,Kangra_Central_D_2 (Himachal Pradesh)
IND638052AAA,Perundurai_Viveka_DC (Tamil Nadu)
IND799008AAA,Agartala_Chmpmura_I (Tripura)
IND490023AAA,Durg_Bhilai_DC (Chhattisgarh)
IND364001AAA,Bhavnagar_Dc (Gujarat)
IND396210AAA,Daman_DC (Daman & Diu)
IND803212AAB,Bakhtiarpur_BypassRD_D (Bihar)
IND583121AAA,Siruguppa_Wrd12DPP_D (Karnataka)
IND226024AAA,Lucknow_Aliganj (Uttar Pradesh)
IND841207AAB,Dighwara_SadarHPL_D (Bihar)
IND734203AAA,Kurseong_ABPath_D (West Bengal)
IND690573AAA,Karungaply_Mrtrklgr_D (Kerala)
IND110005AAA,Delhi_Todapur_DC (Delhi)
IND250002AAC,Unknown_Destination
IND440014AAA,Nagpur_Jaripatk_DC (Maharashtra)
IND250609AAA,Baghpat_Barout_D (Uttar Pradesh)
IND733124AAA,Gangarmpur_KhdimDPP_D (West Bengal)
IND580030AAA,Hubli_Dc (Karnataka)
IND431103AAA,Kannad_KolheDPP_D (Maharashtra)
IND160002AAD,Chandigarh_Mehmdpur_P (Punjab)
IND233221AAC,Aunrihar_Central_D_1 (Uttar Pradesh)
IND790114AAA,Bhalukpong_Khenewa_D (Arunachal Pradesh)
IND331001A1C,Unknown_Destination
IND231001AAA,Mirzapur_JangiRd_D (Uttar Pradesh)
IND764073AAA,Umerkote_Central_DPP_1 (Orissa)
IND110087AAA,Delhi_Paschim_DC (Delhi)
IND813213AAA,Sultanganj_Wardno3_D (Bihar)
IND741316AAA,Nabadwip_Srirmpur_D (West Bengal)
IND517408AAA,Palamaner_Lakshmi_D (Andhra Pradesh)
IND686141AAA,Vaikom_KotyamRD_D (Kerala)
IND500084AAB,Hyderabad_Kondapur_D (Telangana)
IND282005AAA,Agra (Uttar Pradesh)
IND176001AAA,Kangra_Gurkhari_D (Himachal Pradesh)
IND148024AAB,Dhuri_DMComDPP_D (Punjab)
IND473551AAA,Shivpuri_BypassRD_D (Madhya Pradesh)
IND600056AAD,Chennai_Poonamallee_L (Tamil Nadu)
IND733210AAA,Lodhan_GoalpDPP_D (West Bengal)
IND389230AAB,Lunawada_VrdhriRD_D (Gujarat)
IND506164AAA,Parkal_AmbedDPP_D (Telangana)
IND741502AAB,Hanskhali_Central_D_1 (West Bengal)
IND400078AAB,Mumbai_Bhandup West_Dc (Maharashtra)
IND505172AAA,Peddapalli_UdaynDPP_D (Telangana)
IND122015AAC,Unknown_Destination
IND620012AAA,Tiruchi_Manikndm_H (Tamil Nadu)
IND636005AAC,Salem_Kadtmpty_D (Tamil Nadu)
IND394221AAA,Surat_Pandesra_Gateway (Gujarat)
IND711409AAA,Howrah_Salap_DC (West Bengal)
IND761020AAA,Berhampur_Chatrpr_DC (Orissa)
IND360050AAA,Jasdan_MotiDPP_D (Gujarat)
IND495671AAA,Champa_Brplicwk_D (Chhattisgarh)
IND475661AAB,Datia_TownDPP_D (Madhya Pradesh)
IND110046AAA,Delhi_Lajwanti (Delhi)
IND828205AAA,Nirsa_ShantiDPP_D (Jharkhand)
IND333502AAA,Buhana_CourtDPP_D (Rajasthan)
IND110085AAA,North Delhi (Delhi)
IND683511AAB,Kerala_Cochin_L (Kerala)
IND302033AAB,Jaipur_Central_D_1 (Rajasthan)
